<project xmlns="http://maven.apache.org/POM/4.0.0"
	xmlns:xsi="http://www.w3.org/2001/XMLSchema-instance"
	xsi:schemaLocation="http://maven.apache.org/POM/4.0.0 http://maven.apache.org/maven-v4_0_0.xsd">
	<modelVersion>4.0.0</modelVersion>
	<parent>
		<groupId>org.springframework.boot</groupId>
		<artifactId>spring-boot-starter-parent</artifactId>
		<version>3.1.0</version>
	</parent>
	<groupId>com.anthem.emep.dckr.microsvc</groupId>
	<artifactId>codegen</artifactId>
	<name>codegen</name>
	<description>codegen</description>
	<packaging>jar</packaging>
	<version>1.1.0</version>
	<properties>
<!--		<start-class>com.anthem.emep.dckr.microsvc.codegen.Application</start-class>-->
		<project.build.sourceEncoding>UTF-8</project.build.sourceEncoding>
		<java.source.version>17</java.source.version>
		<java.target.version>17</java.target.version>
		<dao.gen.path>${project.basedir}/gen-dao</dao.gen.path>
		<resource.path>${project.basedir}/daoCodegenInput</resource.path>
		<maven.clean.version>3.1.0</maven.clean.version>
		<exec.maven.plugin.version>3.3.0</exec.maven.plugin.version>
	</properties>

	<dependencyManagement>
		<dependencies>
			<dependency>
				<groupId>org.springframework.cloud</groupId>
				<artifactId>spring-cloud-dependencies</artifactId>
				<version>2022.0.3</version>
				<type>pom</type>
				<scope>import</scope>
			</dependency>
		</dependencies>
	</dependencyManagement>
	<dependencies>
		<!-- DAO codegen start (comment out before check in) -->
		<dependency>
			<groupId>log4j</groupId>
			<artifactId>log4j</artifactId>
			<version>1.2.17</version>
		</dependency>
		<dependency>
			<groupId>org.jdom</groupId>
			<artifactId>jdom</artifactId>
			<version>1.1.2</version>
			<exclusions>
				<exclusion>
					<groupId>maven-plugins</groupId>
					<artifactId>maven-cobertura-plugin</artifactId>
				</exclusion>
				<exclusion>
					<groupId>maven-plugins</groupId>
					<artifactId>maven-findbugs-plugin</artifactId>
				</exclusion>
				<exclusion>
					<groupId>dom4j</groupId>
					<artifactId>dom4j</artifactId>
				</exclusion>
				<exclusion>
					<groupId>com.ibm.icu</groupId>
					<artifactId>icu4j</artifactId>
				</exclusion>
				<exclusion>
					<groupId>jaxen</groupId>
					<artifactId>jaxen</artifactId>
				</exclusion>
			</exclusions>
		</dependency>
		<dependency>
			<groupId>com.anthem.psgbd.core</groupId>
			<artifactId>codegen</artifactId>
			<version>1.2.0-SNAPSHOT</version>
		</dependency>

	</dependencies>

	<profiles>
		<profile>
			<id>develop</id>
			<build>
				<plugins>
					<plugin>
						<groupId>org.springframework.boot</groupId>
						<artifactId>spring-boot-maven-plugin</artifactId>
					</plugin>
				</plugins>
			</build>
		</profile>
		<profile>
			<id>master</id>
			<build>
				<plugins>
					<plugin>
						<groupId>org.springframework.boot</groupId>
						<artifactId>spring-boot-maven-plugin</artifactId>
					</plugin>
				</plugins>
			</build>
		</profile>
	</profiles>

	<build>
		<pluginManagement>
			<plugins></plugins>
		</pluginManagement>

		<plugins>
			<!-- Beginning: step to convert dao.xml to DAO*.java and DTO*.java files -->
			<plugin>
				<artifactId>maven-clean-plugin</artifactId>
				<version>${maven.clean.version}</version>
				<executions>
					<execution>
						<id>auto-clean</id>
						<phase>pre-clean</phase>
						<goals>
							<goal>clean</goal>
						</goals>
						<configuration>
							<filesets>
								<fileset>
									<directory>${dao.gen.path}</directory>
								</fileset>
							</filesets>
						</configuration>
					</execution>

					<execution>
						<id>post-clean</id>
						<phase>package</phase>
						<goals>
							<goal>clean</goal>
						</goals>
						<configuration>
							<excludeDefaultDirectories>true</excludeDefaultDirectories>
							<filesets>
								<fileset>
									<directory>${resource.path}/daoTemplates</directory>
								</fileset>
								<fileset>
									<directory>${resource.path}/tmp</directory>
								</fileset>
								<fileset>
									<directory>${resource.path}/templates</directory>
								</fileset>
							</filesets>
						</configuration>
					</execution>
				</executions>
			</plugin>

			<plugin>
				<artifactId>maven-dependency-plugin</artifactId>
				<executions>
					<execution>
						<phase>generate-sources</phase>
						<goals>
							<goal>copy-dependencies</goal>
						</goals>
						<configuration>
							<includeArtifactIds>codegen,jdom,log4j</includeArtifactIds>
							<outputDirectory>${project.build.directory}/lib</outputDirectory>
						</configuration>
					</execution>
					<execution>
						<id>unpack</id>
						<phase>generate-sources</phase>
						<goals>
							<goal>unpack</goal>
						</goals>
						<configuration>
							<artifactItems>
								<artifactItem>
									<groupId>com.anthem.psgbd.core</groupId>
									<artifactId>codegen</artifactId>
									<version>1.2.0-SNAPSHOT</version>
									<type>jar</type>
									<overWrite>false</overWrite>
									<outputDirectory>${resource.path}</outputDirectory>
									<includes>**/templates/*,**/daoTemplates/*,**/tmp/*</includes>
									<excludes>**/*.class</excludes>
								</artifactItem>
							</artifactItems>
						</configuration>
					</execution>
				</executions>
			</plugin>

			<plugin>
				<groupId>org.codehaus.mojo</groupId>
				<artifactId>exec-maven-plugin</artifactId>
				<version>${exec.maven.plugin.version}</version>
				<executions>

					<execution>
						<id>1</id>
						<phase>process-sources</phase>
						<goals>
							<goal>exec</goal>
						</goals>
						<configuration>
							<executable>java</executable>
							<arguments>
								<argument>-classpath</argument>
								<argument>${project.build.directory}/lib/*</argument>
								<argument>com.amerigroup.codegen.CodeGenerator</argument>
								<argument>-in</argument>
								<argument>${resource.path}/daoFacetsMember.xml</argument>
								<argument>-pattern</argument>
								<argument>${resource.path}/templates/DAOPattern.xml</argument>
								<argument>-description</argument>
								<argument>"DAO/DTO definition file"</argument>
								<argument>-d</argument>
								<argument>${dao.gen.path}</argument>
								<argument>-saveXmlFileName</argument>
								<argument>${resource.path}/tmp/codegenSave.xml</argument>
							</arguments>
						</configuration>
					</execution>
					<execution>
						<id>2</id>
						<phase>process-sources</phase>
						<goals>
							<goal>exec</goal>
						</goals>
						<configuration>
							<executable>java</executable>
							<arguments>
								<argument>-classpath</argument>
								<argument>${project.build.directory}/lib/*</argument>
								<argument>com.amerigroup.codegen.CodeGenerator</argument>
								<argument>-in</argument>
								<argument>${resource.path}/daoMemberPortal.xml</argument>
								<argument>-pattern</argument>
								<argument>${resource.path}/templates/DAOPattern.xml</argument>
								<argument>-description</argument>
								<argument>"DAO/DTO definition file"</argument>
								<argument>-d</argument>
								<argument>${dao.gen.path}</argument>
								<argument>-saveXmlFileName</argument>
								<argument>${resource.path}/tmp/codegenSave.xml</argument>
							</arguments>
						</configuration>
					</execution>
					<execution>
						<id>3</id>
						<phase>process-sources</phase>
						<goals>
							<goal>exec</goal>
						</goals>
						<configuration>
							<executable>java</executable>
							<arguments>
								<argument>-classpath</argument>
								<argument>${project.build.directory}/lib/*</argument>
								<argument>com.amerigroup.codegen.CodeGenerator</argument>
								<argument>-in</argument>
								<argument>${resource.path}/daoPreCert.xml</argument>
								<argument>-pattern</argument>
								<argument>${resource.path}/templates/DAOPattern.xml</argument>
								<argument>-description</argument>
								<argument>"DAO/DTO definition file"</argument>
								<argument>-d</argument>
								<argument>${dao.gen.path}</argument>
								<argument>-saveXmlFileName</argument>
								<argument>${resource.path}/tmp/codegenSave.xml</argument>
							</arguments>
						</configuration>
					</execution>


				</executions>
			</plugin>

			<plugin>
				<groupId>org.apache.maven.plugins</groupId>
				<artifactId>maven-compiler-plugin</artifactId>
				<configuration>
					<excludes>
						<exclude>**/**/*.java</exclude>
					</excludes>
				</configuration>
			</plugin>

			<plugin>
				<groupId>org.apache.maven.plugins</groupId>
				<artifactId>maven-compiler-plugin</artifactId>
				<version>2.3.2</version>
				<executions>
					<execution>
						<id>default-testCompile</id>
						<phase>test-compile</phase>
						<goals>
							<goal>testCompile</goal>
						</goals>
						<configuration>
							<skip>true</skip>
						</configuration>
					</execution>
				</executions>
			</plugin>
			<!-- Ending: step to convert dao.xml to DAO*.java and DTO*.java files -->
		</plugins>
	</build>
</project>
