<?xml version="1.0" encoding="UTF-8"?>
<!-- An log4j configuration file that outputs to the console. The output 
	information consists of time, log level, line of code, and the message in 
	that order. For the general syntax of property based configuration files 
	see the documentation of org.apache.log4j.PropertyConfigurator. -->

<Configuration>
	<Appenders>

		<!--Define an appender called Console that is set to be a ConsoleAppender 
			which outputs to System.out. Appender Console uses PatternLayout. The conversion 
			pattern uses format specifiers. -->
		 <Console name="Console" target="SYSTEM_OUT">
			<PatternLayout
				pattern="SOA-GBD_Cluster %X{AppName} %X{TransID} %d{yyyy-MM-dd HH:mm:ss,SSS} %-5p %t %l %m%n" />
		</Console>
 

	</Appenders>

	<Loggers>
		<!-- The default logger logs INFO messages and is attached to appender 
			Console -->
		<Root level="INFO">
			<AppenderRef ref="Console" /> 
		</Root>
		
		<Logger name="com.anthem" level="INFO" />
		<Logger name="com.elevancehealth" level="INFO" />
		<Logger name="com.agpcorp" level="INFO" />
		<Logger name="com.amerigroup" level="INFO" />
		<Logger name="com.amerigroupcorp" level="INFO" />
		<Logger name="org.springframework" level="INFO"/>
		<Logger name="org.hibernate.SQL" level="INFO" />
		<Logger name="com.anthem.agp.logging" level="INFO" />
		<Logger name="org.apache.http.impl.conn" level="DEBUG" />
		<Logger name="org.apache.http.impl.client" level="DEBUG" />
		<Logger name="org.apache.http.client" level="DEBUG" />
		<Logger name="soa.metricslogging" level="trace" />
	</Loggers>

</Configuration>