<dao-list xmlns:xsi="http://www.w3.org/2001/XMLSchema-instance"
	xsi:noNamespaceSchemaLocation="../daoCodegenInput/daoTemplates/DAODefinitions.xsd">

	<dao name="FacetsMember" sourceProperty="Facets"
		base-package="com.amerigroup.facets" javadoc="A DAO for facets Members">
		
		<dto name="AmerigroupID" javadoc="An Amerigroup ID for a Facets Member">
			<field name="amerigroupID" type="String" javadoc="This is the Amerigroup(SBSB) Id." column="SBSB_ID" />
			<field name="groupID" type="String" javadoc="This is the Group Id." column="GRGR_CK" />
		</dto>
		
		<read name="getIdAndPrefixBySbsbIdDateAndPrefix" javadoc="get sbsb ID and prefix as of search Date"
			dto="AmerigroupID" cardinality="many">
			<sql>
				select sbsb.SBSB_ID, sbsb.GRGR_CK
				from cmc_sbsb_subsc sbsb
				JOIN cmc_meme_member meme ON sbsb.sbsb_ck = meme.sbsb_ck
				JOIN cmc_mepe_prcs_elig mepe ON mepe.meme_ck = meme.meme_ck
				JOIN CMC_CSPI_CS_PLAN cspi on cspi.GRGR_CK = mepe.GRGR_CK and cspi.cscs_ID=mepe.cscs_ID and cspi.cspi_ID=mepe.cspi_ID
				and cspi.CSPD_CAT=mepe.CSPD_CAT and mepe.MEPE_EFF_DT &lt;= cspi.CSPI_TERM_DT and mepe.MEPE_TERM_DT &gt;= cspi.CSPI_EFF_DT
				where sbsb.SBSB_ID=? and upper(cspi.CSPI_ITS_PREFIX)=?
				and ?  &lt;= cspi.CSPI_TERM_DT and ? &gt;= cspi.CSPI_EFF_DT
			</sql>
			<param name="subscriberID" javadoc="The SBSB_ID of the member" type="String">
				<param-number value="1" />
			</param>
			<param name="prefix" javadoc="The prefix" type="String">
				<param-number value="2" />
			</param>
			<param name="searchStartDate" javadoc="The Search Date" type="Date">
				<param-number value="3" />
			</param>
			<param name="searchEndDate" javadoc="The Search Date" type="Date">
				<param-number value="4" />
			</param>
		</read>
		
		<read name="findByAgp" javadoc="Find amerigroupID using the amerigroup id" dto="AmerigroupID" cardinality="many">
			<sql> select sbsb_id, grgr_ck from cmc_sbsb_subsc where sbsb_id=? </sql>
			<param name="agp" type="String" javadoc="Amerigroup ID of the member" />
		</read>
		
		<dto name="Eligibility" javadoc="A member eligibility in Facets">
			<field name="groupCk" javadoc="Group CK" type="String" column="GRGR_CK" />
			<field name="sbsbID" type="String" javadoc="This is the subscriber ID" column="SBSB_ID" />
			<field name="sbsbCK" type="String" javadoc="This is the subscriber CK value" column="SBSB_CK" />
			<field name="classID" type="String" javadoc="This is the class." column="CSCS_ID" />
			<field name="planID" type="String" javadoc="This is the plan." column="CSPI_ID" />
			<field name="planDesc" type="String" javadoc="This is description for the plan of benefits." column="PLDS_DESC" />
			<field name="groupID" type="String" javadoc="This is the group." column="GRGR_ID" />
			<field name="subgroupType" type="String" javadoc="This is the subgroup type." column="SGSG_MCTR_TYPE" />
			<field name="subGroupId" type="String" javadoc="This is the subgroup Id." column="SGSG_ID" />
			<field name="medicaidID" type="String" javadoc="This is the government assigned Medicaid Id." column="MEME_MEDCD_NO" />
			<field name="medicareID" type="String"	javadoc="This is the government assigned Medicare Id." column="MEME_HICN" />
			<field name="productID" type="String" javadoc="This is the product." column="PDPD_ID" />
			<field name="productName" type="String" javadoc="This is the product name." column="NAME" />
			<field name="productDescription" type="String" javadoc="This is the product description." column="GENERAL_DESC" />
			<field name="productValueCode" type="String" javadoc="This is the product value Code" column="PDDS_MCTR_VAL1" />
			<field name="productValueCodeDesc" type="String" javadoc="This is the product value Code Description" column="MCTR_DESC" />
			<field name="dateEffective" type="Date" javadoc="This is the eligibility begins." column="MEPE_EFF_DT" />
			<field name="dateTermination" type="Date" javadoc="This is the date the eligibility ends." column="MEPE_TERM_DT" />
			<field name="coverageTypeCode" type="String" javadoc="This is the Coverage Type Code." column="CSPD_CAT" />
			<field name="firstName" javadoc="Member's First Name" type="String" column="MEME_FIRST_NAME" />
			<field name="lastName" javadoc="Member's Last Name" type="String" column="MEME_LAST_NAME" />
			<field name="fullLastName" javadoc="Member's Full Last Name" type="String" column="FULL_LAST_NAME" />
			<field name="birthDt" javadoc="Member's Birth Date" type="Date" column="MEME_BIRTH_DT" />
			<field name="lobId" javadoc="Line of Business Id" type="String" column="LOBD_ID" />
			<field name="statusCode" javadoc="Eligibility Status Code" type="String" column="MEPE_ELIG_IND" />
			<field name="groupName" javadoc="Group Name" type="String" column="GRGR_NAME" />
			<field name="subGroupName" javadoc="Sub Group name" type="String" column="SGSG_NAME" />
			<field name="subGroupEffectiveDate" javadoc="Sub Group Effective Date" type="Date" column="SGSG_ORIG_EFF_DT" />
			<field name="subGroupTerminationDate" javadoc="Sub Group Termination Date" type="Date" column="SGSG_TERM_DT" />
			<field name="sourceSystem" javadoc="Source System of the Member" type="String" column="GRGR_MCTR_TYPE" />
			<field name="planEntryDt" javadoc="Plan entry date" type="Date" column="MEPE_PLAN_ENTRY_DT" />
            <field name="eligibilityCreateDtm" javadoc="eligibilityCreateDtm" type="Date" column="MEPE_CREATE_DTM" />
			<field name="memeCk" javadoc="memeCk" type="String" column="MEME_CK" />
			<field name="grpPhNo" javadoc="Group Phone Number" type="String" column="GRGR_PHONE" />
			
		</dto>
		
		<read name="getAllEligibilitiesByAmerigroupID"
			javadoc="Get a members past, current, and future eligibility using the amerigroup id, sorted with most to least recent"
			dto="Eligibility" cardinality="many">
			<sql>
			    select m.MEME_FIRST_NAME, m.MEME_LAST_NAME, CONCAT(m.MEME_LAST_NAME, m.MEME_TITLE) as FULL_LAST_NAME, m.MEME_BIRTH_DT, pd.LOBD_ID, s.SBSB_ID, s.SBSB_CK, e.MEPE_EFF_DT, e.MEPE_TERM_DT, e.CSCS_ID, e.PDPD_ID, e.CSPI_ID, pland.PLDS_DESC, g.GRGR_ID, sg.SGSG_MCTR_TYPE, m.MEME_MEDCD_NO,m.MEME_HICN, p.NAME, p.GENERAL_DESC, e.CSPD_CAT, 
			    e.MEPE_ELIG_IND, g.GRGR_NAME, sg.SGSG_NAME, sg.SGSG_ID, sg.SGSG_ORIG_EFF_DT, sg.SGSG_TERM_DT, g.GRGR_MCTR_TYPE , e.GRGR_CK,pdesc.PDDS_MCTR_VAL1,mctr.mctr_desc,e.MEPE_PLAN_ENTRY_DT,e.MEPE_CREATE_DTM,m.MEME_CK, g.GRGR_PHONE
                from CMC_MEPE_PRCS_ELIG e 
                inner join CMC_MEME_MEMBER m on e.MEME_CK = m.MEME_CK and e.MEPE_ELIG_IND = 'Y' 
                inner join CMC_SBSB_SUBSC s on m.SBSB_CK = s.SBSB_CK 
                left outer join CMC_SGSG_SUB_GROUP sg on e.SGSG_CK = sg.SGSG_CK 
                left outer join CMC_GRGR_GROUP g on e.GRGR_CK = g.GRGR_CK 
                left outer join AGP.CCTR_PRODUCT p on e.PDPD_ID = p.PRODUCT_ID and sg.sgsg_mctr_type=p.market_cd 
                left outer join CMC_PLDS_PLAN_DESC pland ON e.cspi_id = pland.cspi_id
                LEFT OUTER JOIN FACETS.CMC_PDPD_PRODUCT pd on e.PDPD_ID = pd.PDPD_ID and e.MEPE_EFF_DT between pd.PDPD_EFF_DT and pd.PDPD_TERM_DT
                left outer join CMC_PDDS_PROD_DESC pdesc  on e.pdpd_id = pdesc.pdpd_id
                left outer join  cmc_mctr_cd_trans mctr on mctr.mctr_value = pdesc.PDDS_MCTR_VAL1 and mctr.mctr_entity = 'PDDS' and mctr.MCTR_TYPE = 'VAL'
                where s.SBSB_ID =?
                order by e.MEPE_EFF_DT DESC
            </sql>
			<param name="amerigroupID" type="String" javadoc="Amerigroup ID of the member" />
		</read>
		
		<read name="getAllEligibilityByINMedicaidID"
			javadoc="Get a members current eligibilities using the medicaid id"
			dto="Eligibility" cardinality="many">
			<sql>
			    select m.MEME_FIRST_NAME, m.MEME_LAST_NAME, CONCAT(m.MEME_LAST_NAME, m.MEME_TITLE) as FULL_LAST_NAME, m.MEME_BIRTH_DT, pd.LOBD_ID, s.SBSB_ID, s.SBSB_CK, e.MEPE_EFF_DT, e.MEPE_TERM_DT, e.CSCS_ID, e.PDPD_ID, e.CSPI_ID, pland.PLDS_DESC, g.GRGR_ID, sg.SGSG_MCTR_TYPE, m.MEME_MEDCD_NO,m.MEME_HICN, p.NAME, p.GENERAL_DESC, e.CSPD_CAT, 
			    e.MEPE_ELIG_IND, g.GRGR_NAME, sg.SGSG_NAME, sg.SGSG_ID, sg.SGSG_ORIG_EFF_DT, sg.SGSG_TERM_DT, g.GRGR_MCTR_TYPE , e.GRGR_CK,pdesc.PDDS_MCTR_VAL1,mctr.mctr_desc,e.MEPE_PLAN_ENTRY_DT,e.MEPE_CREATE_DTM,m.MEME_CK, g.GRGR_PHONE
                from CMC_MEPE_PRCS_ELIG e 
                inner join CMC_MEME_MEMBER m on e.MEME_CK = m.MEME_CK and e.MEPE_ELIG_IND = 'Y' 
                inner join CMC_SBSB_SUBSC s on m.SBSB_CK = s.SBSB_CK 
                left outer join CMC_SGSG_SUB_GROUP sg on e.SGSG_CK = sg.SGSG_CK 
                left outer join CMC_GRGR_GROUP g on e.GRGR_CK = g.GRGR_CK 
                left outer join AGP.CCTR_PRODUCT p on e.PDPD_ID = p.PRODUCT_ID and sg.sgsg_mctr_type=p.market_cd 
                left outer join CMC_PLDS_PLAN_DESC pland ON e.cspi_id = pland.cspi_id
                LEFT OUTER JOIN FACETS.CMC_PDPD_PRODUCT pd on e.PDPD_ID = pd.PDPD_ID and e.MEPE_EFF_DT between pd.PDPD_EFF_DT and pd.PDPD_TERM_DT
                left outer join CMC_PDDS_PROD_DESC pdesc  on e.pdpd_id = pdesc.pdpd_id
                left outer join  cmc_mctr_cd_trans mctr on mctr.mctr_value = pdesc.PDDS_MCTR_VAL1 and mctr.mctr_entity = 'PDDS' and mctr.MCTR_TYPE = 'VAL'
                where (m.MEME_MEDCD_NO =?) and g.grgr_mctr_type in ('MDCD', 'MDDD') and g.grgr_id like 'INMCD%' order by e.MEPE_EFF_DT desc
            </sql>
			<param name="medicaidId" type="String" javadoc="Medicaid ID of the member" />
		</read>
		
		<read name="getAllEligibilityByMedicaidID"
			javadoc="Get a members current eligibilities using the medicaid id"
			dto="Eligibility" cardinality="many">
			<sql>
			    select m.MEME_FIRST_NAME, m.MEME_LAST_NAME, CONCAT(m.MEME_LAST_NAME, m.MEME_TITLE) as FULL_LAST_NAME, m.MEME_BIRTH_DT, pd.LOBD_ID, s.SBSB_ID, s.SBSB_CK, e.MEPE_EFF_DT, e.MEPE_TERM_DT, e.CSCS_ID, e.PDPD_ID, e.CSPI_ID, pland.PLDS_DESC, g.GRGR_ID, sg.SGSG_MCTR_TYPE, m.MEME_MEDCD_NO,m.MEME_HICN, p.NAME, p.GENERAL_DESC, e.CSPD_CAT, 
			    e.MEPE_ELIG_IND, g.GRGR_NAME, sg.SGSG_NAME, sg.SGSG_ID, sg.SGSG_ORIG_EFF_DT, sg.SGSG_TERM_DT, g.GRGR_MCTR_TYPE , e.GRGR_CK,pdesc.PDDS_MCTR_VAL1,mctr.mctr_desc,e.MEPE_PLAN_ENTRY_DT,e.MEPE_CREATE_DTM,m.MEME_CK, g.GRGR_PHONE
                from CMC_MEPE_PRCS_ELIG e 
                inner join CMC_MEME_MEMBER m on e.MEME_CK = m.MEME_CK and e.MEPE_ELIG_IND = 'Y' 
                inner join CMC_SBSB_SUBSC s on m.SBSB_CK = s.SBSB_CK 
                left outer join CMC_SGSG_SUB_GROUP sg on e.SGSG_CK = sg.SGSG_CK 
                left outer join CMC_GRGR_GROUP g on e.GRGR_CK = g.GRGR_CK 
                left outer join AGP.CCTR_PRODUCT p on e.PDPD_ID = p.PRODUCT_ID and sg.sgsg_mctr_type=p.market_cd 
                left outer join CMC_PLDS_PLAN_DESC pland ON e.cspi_id = pland.cspi_id
                LEFT OUTER JOIN FACETS.CMC_PDPD_PRODUCT pd on e.PDPD_ID = pd.PDPD_ID and e.MEPE_EFF_DT between pd.PDPD_EFF_DT and pd.PDPD_TERM_DT
                left outer join CMC_PDDS_PROD_DESC pdesc  on e.pdpd_id = pdesc.pdpd_id
                left outer join  cmc_mctr_cd_trans mctr on mctr.mctr_value = pdesc.PDDS_MCTR_VAL1 and mctr.mctr_entity = 'PDDS' and mctr.MCTR_TYPE = 'VAL'
                where (m.MEME_MEDCD_NO =?) and g.grgr_mctr_type in ('MDCD', 'MDDD') order by e.MEPE_EFF_DT desc
            </sql>
			<param name="medicaidId" type="String" javadoc="Medicaid ID of the member" />
		</read>
		
		<read name="getAllEligibilityByMedicaidIDWithMDCRGrpType"
			javadoc="Get a members current eligibilities using the medicaid id"
			dto="Eligibility" cardinality="many">
			<sql>
			    select m.MEME_FIRST_NAME, m.MEME_LAST_NAME, CONCAT(m.MEME_LAST_NAME, m.MEME_TITLE) as FULL_LAST_NAME, m.MEME_BIRTH_DT, pd.LOBD_ID, s.SBSB_ID, s.SBSB_CK, e.MEPE_EFF_DT, e.MEPE_TERM_DT, e.CSCS_ID, e.PDPD_ID, e.CSPI_ID, pland.PLDS_DESC, g.GRGR_ID, sg.SGSG_MCTR_TYPE, m.MEME_MEDCD_NO,m.MEME_HICN, p.NAME, p.GENERAL_DESC, e.CSPD_CAT, 
			    e.MEPE_ELIG_IND, g.GRGR_NAME, sg.SGSG_NAME, sg.SGSG_ID, sg.SGSG_ORIG_EFF_DT, sg.SGSG_TERM_DT, g.GRGR_MCTR_TYPE , e.GRGR_CK,pdesc.PDDS_MCTR_VAL1,mctr.mctr_desc,e.MEPE_PLAN_ENTRY_DT,e.MEPE_CREATE_DTM,m.MEME_CK, g.GRGR_PHONE
                from CMC_MEPE_PRCS_ELIG e 
                inner join CMC_MEME_MEMBER m on e.MEME_CK = m.MEME_CK and e.MEPE_ELIG_IND = 'Y' 
                inner join CMC_SBSB_SUBSC s on m.SBSB_CK = s.SBSB_CK 
                left outer join CMC_SGSG_SUB_GROUP sg on e.SGSG_CK = sg.SGSG_CK 
                left outer join CMC_GRGR_GROUP g on e.GRGR_CK = g.GRGR_CK 
                left outer join AGP.CCTR_PRODUCT p on e.PDPD_ID = p.PRODUCT_ID and sg.sgsg_mctr_type=p.market_cd 
                left outer join CMC_PLDS_PLAN_DESC pland ON e.cspi_id = pland.cspi_id
                LEFT OUTER JOIN FACETS.CMC_PDPD_PRODUCT pd on e.PDPD_ID = pd.PDPD_ID and e.MEPE_EFF_DT between pd.PDPD_EFF_DT and pd.PDPD_TERM_DT
                left outer join CMC_PDDS_PROD_DESC pdesc  on e.pdpd_id = pdesc.pdpd_id
                left outer join  cmc_mctr_cd_trans mctr on mctr.mctr_value = pdesc.PDDS_MCTR_VAL1 and mctr.mctr_entity = 'PDDS' and mctr.MCTR_TYPE = 'VAL'
                where (m.MEME_MEDCD_NO =?) and g.grgr_mctr_type in ('MDCD', 'MDDD', 'MDCR') order by e.MEPE_EFF_DT desc
            </sql>
			<param name="medicaidId" type="String" javadoc="Medicaid ID of the member" />
		</read>
		
		<read name="getAllEligibilityByCurrentMedicareID"
			javadoc="Get a members current eligibilities using the medicare id"
			dto="Eligibility" cardinality="many">
			<sql>
			    select m.MEME_FIRST_NAME, m.MEME_LAST_NAME, CONCAT(m.MEME_LAST_NAME, m.MEME_TITLE) as FULL_LAST_NAME, m.MEME_BIRTH_DT, pd.LOBD_ID, s.SBSB_ID, s.SBSB_CK, e.MEPE_EFF_DT, e.MEPE_TERM_DT, e.CSCS_ID, e.PDPD_ID, e.CSPI_ID, pland.PLDS_DESC, g.GRGR_ID, sg.SGSG_MCTR_TYPE, m.MEME_MEDCD_NO,m.MEME_HICN, p.NAME, p.GENERAL_DESC, e.CSPD_CAT, 
			    e.MEPE_ELIG_IND, g.GRGR_NAME, sg.SGSG_NAME, sg.SGSG_ID, sg.SGSG_ORIG_EFF_DT, sg.SGSG_TERM_DT, g.GRGR_MCTR_TYPE , e.GRGR_CK ,pdesc.PDDS_MCTR_VAL1,mctr.mctr_desc,e.MEPE_PLAN_ENTRY_DT,e.MEPE_CREATE_DTM,m.MEME_CK, g.GRGR_PHONE
                from CMC_MEPE_PRCS_ELIG e 
                inner join CMC_MEME_MEMBER m on e.MEME_CK = m.MEME_CK and e.MEPE_ELIG_IND = 'Y' 
                inner join CMC_SBSB_SUBSC s on m.SBSB_CK = s.SBSB_CK 
                left outer join CMC_SGSG_SUB_GROUP sg on e.SGSG_CK = sg.SGSG_CK 
                left outer join CMC_GRGR_GROUP g on g.GRGR_CK = sg.GRGR_CK 
                left outer join AGP.CCTR_PRODUCT p on e.PDPD_ID = p.PRODUCT_ID and sg.sgsg_mctr_type=p.market_cd 
                left outer join CMC_PLDS_PLAN_DESC pland ON e.cspi_id = pland.cspi_id
                LEFT OUTER JOIN FACETS.CMC_PDPD_PRODUCT pd on e.PDPD_ID = pd.PDPD_ID and e.MEPE_EFF_DT between pd.PDPD_EFF_DT and pd.PDPD_TERM_DT
                left outer join CMC_PDDS_PROD_DESC pdesc  on e.pdpd_id = pdesc.pdpd_id
                left outer join  cmc_mctr_cd_trans mctr on mctr.mctr_value = pdesc.PDDS_MCTR_VAL1 and mctr.mctr_entity = 'PDDS' and mctr.MCTR_TYPE = 'VAL'
                where (m.MEME_HICN =?)  and g.grgr_mctr_type in ('MDCR', 'MDDD') order by e.MEPE_EFF_DT desc
            </sql>
			<param name="medicareId" type="String" javadoc="Medicare ID of the member" />
		</read>
		
		<read name="getAllEligibilityByOldMedicareID"
			javadoc="Get a members current eligibilities using the medicare id"
			dto="Eligibility" cardinality="many">
			<sql>
			    select m.MEME_FIRST_NAME, m.MEME_LAST_NAME, CONCAT(m.MEME_LAST_NAME, m.MEME_TITLE) as FULL_LAST_NAME, m.MEME_BIRTH_DT, pd.LOBD_ID, s.SBSB_ID, s.SBSB_CK, e.MEPE_EFF_DT, e.MEPE_TERM_DT, e.CSCS_ID, e.PDPD_ID, e.CSPI_ID, pland.PLDS_DESC, g.GRGR_ID, sg.SGSG_MCTR_TYPE, m.MEME_MEDCD_NO,m.MEME_HICN, p.NAME, p.GENERAL_DESC, e.CSPD_CAT, 
			    e.MEPE_ELIG_IND, g.GRGR_NAME, sg.SGSG_NAME, sg.SGSG_ID, sg.SGSG_ORIG_EFF_DT, sg.SGSG_TERM_DT, g.GRGR_MCTR_TYPE , e.GRGR_CK ,pdesc.PDDS_MCTR_VAL1,mctr.mctr_desc,e.MEPE_PLAN_ENTRY_DT,e.MEPE_CREATE_DTM,m.MEME_CK, g.GRGR_PHONE
                from CMC_MEPE_PRCS_ELIG e 
                inner join CMC_MEME_MEMBER m on e.MEME_CK = m.MEME_CK and e.MEPE_ELIG_IND = 'Y' 
                inner join CMC_SBSB_SUBSC s on m.SBSB_CK = s.SBSB_CK 
                left join CMC_MECR_NO_XREF x on x.MEME_CK = M.MEME_CK
                left outer join CMC_SGSG_SUB_GROUP sg on e.SGSG_CK = sg.SGSG_CK 
                left outer join CMC_GRGR_GROUP g on g.GRGR_CK = sg.GRGR_CK 
                left outer join AGP.CCTR_PRODUCT p on e.PDPD_ID = p.PRODUCT_ID and sg.sgsg_mctr_type=p.market_cd 
                left outer join CMC_PLDS_PLAN_DESC pland ON e.cspi_id = pland.cspi_id
                LEFT OUTER JOIN FACETS.CMC_PDPD_PRODUCT pd on e.PDPD_ID = pd.PDPD_ID and e.MEPE_EFF_DT between pd.PDPD_EFF_DT and pd.PDPD_TERM_DT
                left outer join CMC_PDDS_PROD_DESC pdesc  on e.pdpd_id = pdesc.pdpd_id
                left outer join  cmc_mctr_cd_trans mctr on mctr.mctr_value = pdesc.PDDS_MCTR_VAL1 and mctr.mctr_entity = 'PDDS' and mctr.MCTR_TYPE = 'VAL'
                where x.MECR_NO_ORIG = ? and g.grgr_mctr_type in ('MDCR', 'MDDD') order by e.MEPE_EFF_DT desc
            </sql>
			<param name="medicareId" type="String" javadoc="Medicare ID of the member" />
		</read>
		
		<read name="getAllEligibilitiesWithNoEligibilityCheckByAmerigroupID"
			javadoc="Get a members past, current, and future eligibility using the amerigroup id, sorted with most to least recent"
			dto="Eligibility" cardinality="many">
			<sql>
			    select m.MEME_FIRST_NAME, m.MEME_LAST_NAME, CONCAT(m.MEME_LAST_NAME, m.MEME_TITLE) as FULL_LAST_NAME, m.MEME_BIRTH_DT, pd.LOBD_ID, s.SBSB_ID, s.SBSB_CK, e.MEPE_EFF_DT, e.MEPE_TERM_DT, e.CSCS_ID, e.PDPD_ID, e.CSPI_ID, pland.PLDS_DESC, g.GRGR_ID, sg.SGSG_MCTR_TYPE, m.MEME_MEDCD_NO,m.MEME_HICN, p.NAME, p.GENERAL_DESC, e.CSPD_CAT, 
			    e.MEPE_ELIG_IND, g.GRGR_NAME, sg.SGSG_NAME, sg.SGSG_ID, sg.SGSG_ORIG_EFF_DT, sg.SGSG_TERM_DT, g.GRGR_MCTR_TYPE , e.GRGR_CK ,pdesc.PDDS_MCTR_VAL1,mctr.mctr_desc,e.MEPE_PLAN_ENTRY_DT,e.MEPE_CREATE_DTM,m.MEME_CK, g.GRGR_PHONE
                from CMC_MEPE_PRCS_ELIG e 
                inner join CMC_MEME_MEMBER m on e.MEME_CK = m.MEME_CK  
                inner join CMC_SBSB_SUBSC s on m.SBSB_CK = s.SBSB_CK 
                left outer join CMC_SGSG_SUB_GROUP sg on e.SGSG_CK = sg.SGSG_CK 
                left outer join CMC_GRGR_GROUP g on e.GRGR_CK = g.GRGR_CK 
                left outer join AGP.CCTR_PRODUCT p on e.PDPD_ID = p.PRODUCT_ID and sg.sgsg_mctr_type=p.market_cd 
                left outer join CMC_PLDS_PLAN_DESC pland ON e.cspi_id = pland.cspi_id
                LEFT OUTER JOIN FACETS.CMC_PDPD_PRODUCT pd on e.PDPD_ID = pd.PDPD_ID and e.MEPE_EFF_DT between pd.PDPD_EFF_DT and pd.PDPD_TERM_DT
                left outer join CMC_PDDS_PROD_DESC pdesc  on e.pdpd_id = pdesc.pdpd_id
                left outer join  cmc_mctr_cd_trans mctr on mctr.mctr_value = pdesc.PDDS_MCTR_VAL1 and mctr.mctr_entity = 'PDDS' and mctr.MCTR_TYPE = 'VAL'
                where s.SBSB_ID =?
                order by e.MEPE_EFF_DT DESC
            </sql>
			<param name="amerigroupID" type="String" javadoc="Amerigroup ID of the member" />
		</read>
		
		<read name="getAllEligibilityWithNoEligibilityCheckByINMedicaidID"
			javadoc="Get a members current eligibilities using the medicaid id"
			dto="Eligibility" cardinality="many">
			<sql>
			    select m.MEME_FIRST_NAME, m.MEME_LAST_NAME, CONCAT(m.MEME_LAST_NAME, m.MEME_TITLE) as FULL_LAST_NAME, m.MEME_BIRTH_DT, pd.LOBD_ID, s.SBSB_ID, s.SBSB_CK, e.MEPE_EFF_DT, e.MEPE_TERM_DT, e.CSCS_ID, e.PDPD_ID, e.CSPI_ID, pland.PLDS_DESC, g.GRGR_ID, sg.SGSG_MCTR_TYPE, m.MEME_MEDCD_NO,m.MEME_HICN, p.NAME, p.GENERAL_DESC, e.CSPD_CAT, 
			    e.MEPE_ELIG_IND, g.GRGR_NAME, sg.SGSG_NAME, sg.SGSG_ID, sg.SGSG_ORIG_EFF_DT, sg.SGSG_TERM_DT, g.GRGR_MCTR_TYPE , e.GRGR_CK ,pdesc.PDDS_MCTR_VAL1,mctr.mctr_desc,e.MEPE_PLAN_ENTRY_DT,e.MEPE_CREATE_DTM,m.MEME_CK, g.GRGR_PHONE
                from CMC_MEPE_PRCS_ELIG e 
                inner join CMC_MEME_MEMBER m on e.MEME_CK = m.MEME_CK  
                inner join CMC_SBSB_SUBSC s on m.SBSB_CK = s.SBSB_CK 
                left outer join CMC_SGSG_SUB_GROUP sg on e.SGSG_CK = sg.SGSG_CK 
                left outer join CMC_GRGR_GROUP g on g.GRGR_CK = sg.GRGR_CK 
                left outer join AGP.CCTR_PRODUCT p on e.PDPD_ID = p.PRODUCT_ID and sg.sgsg_mctr_type=p.market_cd 
                left outer join CMC_PLDS_PLAN_DESC pland ON e.cspi_id = pland.cspi_id
                LEFT OUTER JOIN FACETS.CMC_PDPD_PRODUCT pd on e.PDPD_ID = pd.PDPD_ID and e.MEPE_EFF_DT between pd.PDPD_EFF_DT and pd.PDPD_TERM_DT
                left outer join CMC_PDDS_PROD_DESC pdesc  on e.pdpd_id = pdesc.pdpd_id
                left outer join  cmc_mctr_cd_trans mctr on mctr.mctr_value = pdesc.PDDS_MCTR_VAL1 and mctr.mctr_entity = 'PDDS' and mctr.MCTR_TYPE = 'VAL'
                where (m.MEME_MEDCD_NO =?) and g.grgr_mctr_type in ('MDCD', 'MDDD') and g.grgr_id like 'INMCD%' order by e.MEPE_EFF_DT desc
            </sql>
			<param name="medicaidId" type="String" javadoc="Medicaid ID of the member" />
		</read>
		
		<read name="getAllEligibilityWithNoEligibilityCheckByMedicaidID"
			javadoc="Get a members current eligibilities using the medicaid id"
			dto="Eligibility" cardinality="many">
			<sql>
			    select m.MEME_FIRST_NAME, m.MEME_LAST_NAME, CONCAT(m.MEME_LAST_NAME, m.MEME_TITLE) as FULL_LAST_NAME, m.MEME_BIRTH_DT, pd.LOBD_ID, s.SBSB_ID, s.SBSB_CK, e.MEPE_EFF_DT, e.MEPE_TERM_DT, e.CSCS_ID, e.PDPD_ID, e.CSPI_ID, pland.PLDS_DESC, g.GRGR_ID, sg.SGSG_MCTR_TYPE, m.MEME_MEDCD_NO,m.MEME_HICN, p.NAME, p.GENERAL_DESC, e.CSPD_CAT, 
			    e.MEPE_ELIG_IND, g.GRGR_NAME, sg.SGSG_NAME, sg.SGSG_ID, sg.SGSG_ORIG_EFF_DT, sg.SGSG_TERM_DT, g.GRGR_MCTR_TYPE , e.GRGR_CK ,pdesc.PDDS_MCTR_VAL1,mctr.mctr_desc,e.MEPE_PLAN_ENTRY_DT,e.MEPE_CREATE_DTM,m.MEME_CK, g.GRGR_PHONE
                from CMC_MEPE_PRCS_ELIG e 
                inner join CMC_MEME_MEMBER m on e.MEME_CK = m.MEME_CK  
                inner join CMC_SBSB_SUBSC s on m.SBSB_CK = s.SBSB_CK 
                left outer join CMC_SGSG_SUB_GROUP sg on e.SGSG_CK = sg.SGSG_CK 
                left outer join CMC_GRGR_GROUP g on g.GRGR_CK = sg.GRGR_CK 
                left outer join AGP.CCTR_PRODUCT p on e.PDPD_ID = p.PRODUCT_ID and sg.sgsg_mctr_type=p.market_cd 
                left outer join CMC_PLDS_PLAN_DESC pland ON e.cspi_id = pland.cspi_id
                LEFT OUTER JOIN FACETS.CMC_PDPD_PRODUCT pd on e.PDPD_ID = pd.PDPD_ID and e.MEPE_EFF_DT between pd.PDPD_EFF_DT and pd.PDPD_TERM_DT
                left outer join CMC_PDDS_PROD_DESC pdesc  on e.pdpd_id = pdesc.pdpd_id
                left outer join  cmc_mctr_cd_trans mctr on mctr.mctr_value = pdesc.PDDS_MCTR_VAL1 and mctr.mctr_entity = 'PDDS' and mctr.MCTR_TYPE = 'VAL'
                where (m.MEME_MEDCD_NO =?) and g.grgr_mctr_type in ('MDCD', 'MDDD') order by e.MEPE_EFF_DT desc
            </sql>
			<param name="medicaidId" type="String" javadoc="Medicaid ID of the member" />
		</read>
		
		<read name="getAllEligibilityWithNoEligibilityCheckByMedicaidIDWithMdcrGrpType"
			javadoc="Get a members current eligibilities using the medicaid id"
			dto="Eligibility" cardinality="many">
			<sql>
			    select m.MEME_FIRST_NAME, m.MEME_LAST_NAME, CONCAT(m.MEME_LAST_NAME, m.MEME_TITLE) as FULL_LAST_NAME, m.MEME_BIRTH_DT, pd.LOBD_ID, s.SBSB_ID, s.SBSB_CK, e.MEPE_EFF_DT, e.MEPE_TERM_DT, e.CSCS_ID, e.PDPD_ID, e.CSPI_ID, pland.PLDS_DESC, g.GRGR_ID, sg.SGSG_MCTR_TYPE, m.MEME_MEDCD_NO,m.MEME_HICN, p.NAME, p.GENERAL_DESC, e.CSPD_CAT, 
			    e.MEPE_ELIG_IND, g.GRGR_NAME, sg.SGSG_NAME, sg.SGSG_ID, sg.SGSG_ORIG_EFF_DT, sg.SGSG_TERM_DT, g.GRGR_MCTR_TYPE , e.GRGR_CK ,pdesc.PDDS_MCTR_VAL1,mctr.mctr_desc,e.MEPE_PLAN_ENTRY_DT,e.MEPE_CREATE_DTM,m.MEME_CK, g.GRGR_PHONE
                from CMC_MEPE_PRCS_ELIG e 
                inner join CMC_MEME_MEMBER m on e.MEME_CK = m.MEME_CK  
                inner join CMC_SBSB_SUBSC s on m.SBSB_CK = s.SBSB_CK 
                left outer join CMC_SGSG_SUB_GROUP sg on e.SGSG_CK = sg.SGSG_CK 
                left outer join CMC_GRGR_GROUP g on g.GRGR_CK = sg.GRGR_CK 
                left outer join AGP.CCTR_PRODUCT p on e.PDPD_ID = p.PRODUCT_ID and sg.sgsg_mctr_type=p.market_cd 
                left outer join CMC_PLDS_PLAN_DESC pland ON e.cspi_id = pland.cspi_id
                LEFT OUTER JOIN FACETS.CMC_PDPD_PRODUCT pd on e.PDPD_ID = pd.PDPD_ID and e.MEPE_EFF_DT between pd.PDPD_EFF_DT and pd.PDPD_TERM_DT
                left outer join CMC_PDDS_PROD_DESC pdesc  on e.pdpd_id = pdesc.pdpd_id
                left outer join  cmc_mctr_cd_trans mctr on mctr.mctr_value = pdesc.PDDS_MCTR_VAL1 and mctr.mctr_entity = 'PDDS' and mctr.MCTR_TYPE = 'VAL'
                where (m.MEME_MEDCD_NO =?) and g.grgr_mctr_type in ('MDCD', 'MDDD', 'MDCR') order by e.MEPE_EFF_DT desc
            </sql>
			<param name="medicaidId" type="String" javadoc="Medicaid ID of the member" />
		</read>
		
		<read name="getAllEligibilityWithNoEligibilityCheckByCurrentMedicareID"
			javadoc="Get a members current eligibilities using the medicare id"
			dto="Eligibility" cardinality="many">
			<sql>
			    select m.MEME_FIRST_NAME, m.MEME_LAST_NAME, CONCAT(m.MEME_LAST_NAME, m.MEME_TITLE) as FULL_LAST_NAME, m.MEME_BIRTH_DT, pd.LOBD_ID, s.SBSB_ID, s.SBSB_CK, e.MEPE_EFF_DT, e.MEPE_TERM_DT, e.CSCS_ID, e.PDPD_ID, e.CSPI_ID, pland.PLDS_DESC, g.GRGR_ID, sg.SGSG_MCTR_TYPE, m.MEME_MEDCD_NO,m.MEME_HICN, p.NAME, p.GENERAL_DESC, e.CSPD_CAT, 
			    e.MEPE_ELIG_IND, g.GRGR_NAME, sg.SGSG_NAME, sg.SGSG_ID, sg.SGSG_ORIG_EFF_DT, sg.SGSG_TERM_DT, g.GRGR_MCTR_TYPE , e.GRGR_CK,pdesc.PDDS_MCTR_VAL1,mctr.mctr_desc,e.MEPE_PLAN_ENTRY_DT,e.MEPE_CREATE_DTM,m.MEME_CK, g.GRGR_PHONE
                from CMC_MEPE_PRCS_ELIG e 
                inner join CMC_MEME_MEMBER m on e.MEME_CK = m.MEME_CK  
                inner join CMC_SBSB_SUBSC s on m.SBSB_CK = s.SBSB_CK 
                left outer join CMC_SGSG_SUB_GROUP sg on e.SGSG_CK = sg.SGSG_CK 
                left outer join CMC_GRGR_GROUP g on g.GRGR_CK = sg.GRGR_CK 
                left outer join AGP.CCTR_PRODUCT p on e.PDPD_ID = p.PRODUCT_ID and sg.sgsg_mctr_type=p.market_cd 
                left outer join CMC_PLDS_PLAN_DESC pland ON e.cspi_id = pland.cspi_id
                LEFT OUTER JOIN FACETS.CMC_PDPD_PRODUCT pd on e.PDPD_ID = pd.PDPD_ID and e.MEPE_EFF_DT between pd.PDPD_EFF_DT and pd.PDPD_TERM_DT
                left outer join CMC_PDDS_PROD_DESC pdesc  on e.pdpd_id = pdesc.pdpd_id
                left outer join  cmc_mctr_cd_trans mctr on mctr.mctr_value = pdesc.PDDS_MCTR_VAL1 and mctr.mctr_entity = 'PDDS' and mctr.MCTR_TYPE = 'VAL'
                where (m.MEME_HICN =?) and g.grgr_mctr_type in ('MDCR', 'MDDD') order by e.MEPE_EFF_DT desc
            </sql>
			<param name="medicareId" type="String" javadoc="Medicare ID of the member" />
		</read>
		
		<read name="getAllEligibilityWithNoEligibilityCheckByOldMedicareID"
			javadoc="Get a members current eligibilities using the medicare id"
			dto="Eligibility" cardinality="many">
			<sql>
			    select m.MEME_FIRST_NAME, m.MEME_LAST_NAME, CONCAT(m.MEME_LAST_NAME, m.MEME_TITLE) as FULL_LAST_NAME, m.MEME_BIRTH_DT, pd.LOBD_ID, s.SBSB_ID, s.SBSB_CK, e.MEPE_EFF_DT, e.MEPE_TERM_DT, e.CSCS_ID, e.PDPD_ID, e.CSPI_ID, pland.PLDS_DESC, g.GRGR_ID, sg.SGSG_MCTR_TYPE, m.MEME_MEDCD_NO,m.MEME_HICN, p.NAME, p.GENERAL_DESC, e.CSPD_CAT, 
			    e.MEPE_ELIG_IND, g.GRGR_NAME, sg.SGSG_NAME, sg.SGSG_ID, sg.SGSG_ORIG_EFF_DT, sg.SGSG_TERM_DT, g.GRGR_MCTR_TYPE , e.GRGR_CK,pdesc.PDDS_MCTR_VAL1,mctr.mctr_desc,e.MEPE_PLAN_ENTRY_DT,e.MEPE_CREATE_DTM,m.MEME_CK, g.GRGR_PHONE
                from CMC_MEPE_PRCS_ELIG e 
                inner join CMC_MEME_MEMBER m on e.MEME_CK = m.MEME_CK  
                inner join CMC_SBSB_SUBSC s on m.SBSB_CK = s.SBSB_CK 
                left join CMC_MECR_NO_XREF x on x.MEME_CK = M.MEME_CK
                left outer join CMC_SGSG_SUB_GROUP sg on e.SGSG_CK = sg.SGSG_CK 
                left outer join CMC_GRGR_GROUP g on g.GRGR_CK = sg.GRGR_CK 
                left outer join AGP.CCTR_PRODUCT p on e.PDPD_ID = p.PRODUCT_ID and sg.sgsg_mctr_type=p.market_cd 
                left outer join CMC_PLDS_PLAN_DESC pland ON e.cspi_id = pland.cspi_id
                LEFT OUTER JOIN FACETS.CMC_PDPD_PRODUCT pd on e.PDPD_ID = pd.PDPD_ID and e.MEPE_EFF_DT between pd.PDPD_EFF_DT and pd.PDPD_TERM_DT
                left outer join CMC_PDDS_PROD_DESC pdesc  on e.pdpd_id = pdesc.pdpd_id
                left outer join  cmc_mctr_cd_trans mctr on mctr.mctr_value = pdesc.PDDS_MCTR_VAL1 and mctr.mctr_entity = 'PDDS' and mctr.MCTR_TYPE = 'VAL'
                where x.MECR_NO_ORIG = ? and g.grgr_mctr_type in ('MDCR', 'MDDD') order by e.MEPE_EFF_DT desc
            </sql>
			<param name="medicareId" type="String" javadoc="Medicare ID of the member" />
		</read>
		
		
		<!-- Member Address -->
		<dto name="Address" javadoc="An address for a Facets Provider">
			<field name="type" type="String" javadoc="The type of address this is.  H=Home, 1=Mailing (usually)" column="sbad_type" />
			<field name="street1" type="String" javadoc="The 1st line of the street address." column="sbad_addr1" />
			<field name="street2" type="String" javadoc="The 2nd line of the street address." column="sbad_addr2" />
			<field name="street3" type="String" javadoc="The 3rd line of the street address." column="sbad_addr3" />
			<field name="city" type="String" javadoc="The city for this address." column="sbad_city" />
			<field name="county" type="String" javadoc="The county for this address." column="sbad_county" />
			<field name="state" type="String" javadoc="The state abbreviation for this address." column="sbad_state" />
			<field name="zip" type="String" javadoc="The zip code for this address." column="sbad_zip" />
			<field name="phone" type="String" javadoc="The phone number for this address." column="sbad_phone" />
			<field name="phoneExt" type="String" javadoc="The phone number extension for this address." column="sbad_phone_ext" />
			<field name="email" type="String" javadoc="The email address for this address." column="sbad_email" />
			<field name="fax" type="String" javadoc="The fax number for this address." column="sbad_fax" />
			<field name="faxExt" type="String" javadoc="The fax number extension for this address." column="sbad_fax_ext" />
			<field name="homeAddrType" type="String" javadoc="Home Address Type" column="SBAD_TYPE_HOME" />
			<field name="mailAddrType" type="String" javadoc="Mail Address Type" column="SBAD_TYPE_MAIL" />
		</dto>
		
		<read name="getHomeAddress" javadoc="Get the home address for a member" dto="Address">
			<sql>select a.sbad_type, a.sbad_addr1, a.sbad_addr2, a.sbad_addr3, a.sbad_city, a.sbad_county, a.sbad_state, a.sbad_zip, 
						a.sbad_phone, a.sbad_phone_ext, a.sbad_email, a.sbad_fax, a.sbad_fax_ext, s.SBAD_TYPE_HOME, s.SBAD_TYPE_MAIL   
				  from CMC_SBSB_SUBSC s
				  join CMC_SBAD_ADDR a on a.SBSB_CK = s.SBSB_CK and a.SBAD_TYPE = s.SBAD_TYPE_HOME
				where s.sbsb_id = ?
			</sql>
			<param name="agpID" javadoc="The Amerigroup ID of the member" type="String" />
		</read>
		
		<dto name="DualCitizenshipDetails" javadoc="Dto containing the Dual citizenship details for a member">
			<field name="dualLink" javadoc="Dual Link" type="String" column="dual_link" />
			<field name="dualType" javadoc="Dual Type" type="String" column="dual_type" />
			<field name="requestedSubscriberId" javadoc="Requested Subscriber Id" type="String" column="requestedsbsbId" />
			<field name="requestedGroupId" javadoc="Requested Group Id" type="String" column="requestedgrgrId" />
			<field name="requestedMemeCk" javadoc="Requested MEME_CK" type="String" column="requestedmemeCk" />
			<field name="targetSubscriberId" javadoc="Target Subscriber ID" type="String" column="targetsbsbId" />
			<field name="targetGroupId" javadoc="Target Group ID" type="String" column="targetgrgrId" />
			<field name="targetMemeCk" javadoc="Target MEME_CK" type="String" column="targetmemeCk" />
			<field name="dualSpanStartDt" javadoc="Dual Span Start Date" type="Date" column="DUAL_SPN_START_DT" />
			<field name="dualSpanEndDt" javadoc="Dual Span End Date" type="Date" column="DUAL_SPN_END_DT" />
			<field name="dualTypeDesc" javadoc="Dual Type Desc" type="String" column="dual_desc" />
			<field name="medicaidAidCategory" javadoc="Medicaid Aid Category" type="String" column="MEDICAID_LEVEL" />
			<field name="medicaidCostShare" javadoc="Medicaid Cost Share" type="String" column="COST_SHARE_CAT" />
		</dto>
		
		<read name="getDualCitizenshipDetailsBySBSBIDwithMediciad"
			javadoc="Get the Dual Citizenship details by Subscriber ID" dto="DualCitizenshipDetails"
			cardinality="many">
			<sql>
			WITH TEMP AS
			(
				SELECT DISTINCT 
		            DP.dual_link, DP.dual_type, 
	            	SUB.sbsb_id as requestedsbsbId,
	            	GRP.grgr_id as requestedgrgrId, 
	            	MEM.meme_ck as requestedmemeCk,
	            	SUB2.sbsb_id as targetsbsbId, 
	            	GRP2.grgr_id as targetgrgrId,
	            	MEM2.meme_ck as targetmemeCk,
	            	DP.DUAL_SPN_START_DT, DP.DUAL_SPN_END_DT,
	            	DD.dual_desc, MEDICAID_LEVEL, COST_SHARE_CAT 
				FROM FACETS.CMC_MEME_MEMBER MEM 
	 			INNER JOIN FACETS.CMC_SBSB_SUBSC SUB on SUB.sbsb_ck = MEM.sbsb_ck
	   			INNER JOIN FACETS.CMC_GRGR_GROUP GRP on GRP.grgr_ck = MEM.grgr_ck
	    		INNER JOIN AGP.DUAL_POPULATION_SPN DP on DP.meme_ck = MEM.meme_ck  AND DP.DUAL_LINK > 0
	    		INNER JOIN AGP.DUAL_POPULATION_SPN DP2 on DP2.dual_link = DP.dual_link AND dp2.meme_ck != dp.meme_ck AND DP2.DUAL_LINK > 0
		        INNER JOIN AGP.DUAL_DESC DD on DD.dual_type = DP.dual_type 
		        LEFT OUTER JOIN AGP.DUAL_MEDICAID_AID_CAT_SPN DMACS on DP.dual_pop_spn_id = DMACS.dual_spn_id 
	    		INNER JOIN FACETS.CMC_MEME_MEMBER MEM2 on MEM2.meme_ck = DP2.meme_ck 
	   			INNER JOIN FACETS.CMC_SBSB_SUBSC SUB2 on SUB2.sbsb_ck = MEM2.sbsb_ck
	    		INNER JOIN FACETS.CMC_GRGR_GROUP GRP2 on GRP2.grgr_ck = MEM2.grgr_ck 
				WHERE SUB.sbsb_id = ?
				
	    		UNION 
	    		
				SELECT DISTINCT 
		            0, DE.dual_type, 
	            	SUB.sbsb_id as requestedsbsbId,
	            	GRP.grgr_id as requestedgrgrId, 
	            	MEM.meme_ck as requestedmemeCk,
	            	'' as targetsbsbId, 
	            	'' as targetgrgrId,
	            	0 as targetmemeCk,
	            	DE.DUAL_SPN_START_DT, DE.DUAL_SPN_END_DT,
					DD.dual_desc, MEDICAID_LEVEL, COST_SHARE_CAT 
				FROM FACETS.CMC_MEME_MEMBER MEM 
	     		INNER JOIN FACETS.CMC_SBSB_SUBSC SUB on SUB.sbsb_ck = MEM.sbsb_ck 
	     		INNER JOIN FACETS.CMC_GRGR_GROUP GRP on GRP.grgr_ck = MEM.grgr_ck
				INNER JOIN AGP.DUAL_ELIGIBLE_SPN DE on DE.meme_ck = MEM.meme_ck
		        INNER JOIN AGP.DUAL_DESC DD on DD.dual_type = DE.dual_type 
		        LEFT OUTER JOIN AGP.DUAL_MEDICAID_AID_CAT_SPN DMACS on DE.dual_elig_spn_id = DMACS.dual_spn_id 
				WHERE SUB.sbsb_id = ?
				
				UNION
				
				select DISTINCT DP.dual_link, DP.dual_type,SUB.sbsb_id as requestedsbsbId,GRP.grgr_id as requestedgrgrId,
        MEM.meme_ck as requestedmemeCk,'' as targetsbsbId,'' as targetgrgrId,0 as targetmemeCk,DP.DUAL_SPN_START_DT, DP.DUAL_SPN_END_DT,DD.dual_desc, MEDICAID_LEVEL, COST_SHARE_CAT
        from FACETS.CMC_MEME_MEMBER MEM inner join FACETS.CMC_SBSB_SUBSC SUB on SUB.sbsb_ck = MEM.sbsb_ck 
        inner join FACETS.CMC_GRGR_GROUP GRP on GRP.grgr_ck = MEM.grgr_ck 
        inner join AGP.DUAL_POPULATION_SPN DP on DP.meme_ck = MEM.meme_ck and dual_link=-1 and dual_type='I'
        inner join AGP.DUAL_DESC DD on DD.dual_type = DP.dual_type
        left outer join AGP.DUAL_MEDICAID_AID_CAT_SPN DMACS on DP.dual_pop_spn_id = DMACS.dual_spn_id
        where SUB.sbsb_id = ?
				)
        		SELECT t.* FROM TEMP t 
        		order by t.DUAL_SPN_END_DT desc, t.dual_type ASC
			</sql>
			<param name="sbsbId" javadoc="Subscriber Id" type="String">
				<param-number value="1" />
				<param-number value="2" />
				<param-number value="3" />
			</param>
		</read>
		
		<dto name="DualCitizenshipAIDCategory" javadoc="Dto containing the Dual citizenship AID Category details for a member">
			<field name="medicaidAidCategory" javadoc="Medicaid Aid Category from Enrollment" type="String" column="MEDICAID_LVL" />
		</dto>
		
		<read name="getDualCitizenshipAIDCategoryByMemeCk" javadoc="populate the Dual Citizenship AID Category name based on LAST_VER_DATEs and CREATE_DTM by MEME ID"
			dto="DualCitizenshipAIDCategory" cardinality="many">
			<sql>
			select  MEDICAID_LVL   
			from AGP.MCR_ENR_MEDICAID_LEVEL MEML 
			where meme_ck = ? 
			order by LAST_VER_DATE desc, create_dtm desc 
			</sql>
			<param name="memeCk" javadoc="member contrived key" type="String">
				<param-number value="1" />
			</param>
		</read>
		
		<dto name="MemberDetails"
			javadoc="DTO containing Member basic details and basic eligibility details"> 
			<field name="firstName" javadoc="Member's First Name" type="String" column="MEME_FIRST_NAME" />
			<field name="middleInitial" javadoc="Member's Middle Initial " type="String" column="MEME_MID_INIT" />
			<field name="lastName" javadoc="Member's Last Name" type="String" column="MEME_LAST_NAME" />
			<field name="birthDate" javadoc="Member's Birth Date" type="Date" column="MEME_BIRTH_DT" />
			<field name="gender" javadoc="Member's Gender" type="String" column="MEME_SEX" />
			<field name="memberCk" javadoc="Member's Contrived Key" type="String" column="MEME_CK" />
			<field name="medicareId" javadoc="Member's Medicare Id" type="String" column="MEME_HICN" />
			<field name="medicaidId" javadoc="Member's Medicaid Id" type="String" column="MEME_MEDCD_NO" />
			<field name="sbrUid" javadoc="Member's Subscriber Contrived key" type="String" column="SBSB_CK" />
			<field name="planPrefix" javadoc="Member's Plan Prefix" type="String" column="CSPI_ITS_PREFIX" />
			<field name="eligibilityEffDt" javadoc="Member's Eligibility Effective Date" type="Date" column="MEPE_EFF_DT" />
			<field name="eligibilityTermDt" javadoc="Member's Eligibility Termination Date" type="Date" column="MEPE_TERM_DT" />
			<field name="productId" javadoc="Member's Product ID" type="String" column="PDPD_ID" />
			<field name="planId" javadoc="Member's plan Id" type="String" column="CSPI_ID" />
			<field name="classId" javadoc="Member's Class Id" type="String" column="CSCS_ID" />
			<field name="eligibilityIndicator" javadoc="Eligibility Indicator" type="String" column="MEPE_ELIG_IND" />
			<field name="subscriberId" javadoc="Subscriber Id" type="String" column="SBSB_ID" />
			<field name="lineOfBusiness" javadoc="Line of Business" type="String" column="LOBD_ID" />
			<field name="groupCk" javadoc="Group Contrived Key" type="String" column="grgr_ck" />
			<field name="region" javadoc="Member's group region" type="String" column="CICI_ID" />
			<field name="groupId" javadoc="Member's group Id" type="String" column="GRGR_ID" />
			<field name="groupType" javadoc="Member's group Type" type="String" column="GRGR_MCTR_TYPE" />
			<field name="subGroup" javadoc="Member's sub group" type="String" column="SGSG_MCTR_TYPE" />
			<field name="SGSG_CK" javadoc="Member's sub group sgsg_ck" type="String" column="SGSG_CK" />
		</dto>
		
		<read name="getEligibilityBySbrUidAndEligibilityDates"
			javadoc="Fetches the member details by sbrUid(SBSB_CK from Facets), eligibility effective date and eligibility termination date"
			dto="MemberDetails">
			<sql>
			select
				m.MEME_FIRST_NAME , m.MEME_MID_INIT, m.MEME_LAST_NAME ,
				m.MEME_BIRTH_DT , m.MEME_SEX ,
				m.MEME_CK , m.MEME_HICN , m.MEME_MEDCD_NO, m.SBSB_CK,
				cspi.CSPI_ITS_PREFIX ,e.MEPE_EFF_DT , e.MEPE_TERM_DT ,
				e.PDPD_ID , e.CSPI_ID , e.CSCS_ID, e.MEPE_ELIG_IND ,
				s.SBSB_ID ,pd.LOBD_ID,g.grgr_ck, g.CICI_ID , g.GRGR_ID, 
				g.GRGR_MCTR_TYPE, sg.SGSG_MCTR_TYPE, sg.sgsg_ck
			from CMC_SBSB_SUBSC s
			inner join CMC_MEME_MEMBER m on m.SBSB_CK = s.SBSB_CK
			inner join CMC_MEPE_PRCS_ELIG e on e.MEME_CK = m.MEME_CK and e.MEPE_ELIG_IND = 'Y'
			inner join CMC_GRGR_GROUP g on e.GRGR_CK = g.GRGR_CK
			inner join FACETS.CMC_PDPD_PRODUCT pd on e.PDPD_ID = pd.PDPD_ID and e.MEPE_EFF_DT between pd.PDPD_EFF_DT and pd.PDPD_TERM_DT
			inner join CMC_CSPI_CS_PLAN cspi on cspi.GRGR_CK = e.GRGR_CK and cspi.CSCS_ID = e.CSCS_ID and cspi.CSPI_ID = e.CSPI_ID and cspi.CSPD_CAT = e.CSPD_CAT and e.MEPE_EFF_DT between cspi.CSPI_EFF_DT and cspi.CSPI_TERM_DT
			left outer join CMC_SGSG_SUB_GROUP sg on e.SGSG_CK = sg.SGSG_CK
			where s.sbsb_ck = ? and e.MEPE_EFF_DT = ? and e.MEPE_TERM_DT = ?
		</sql>
			<param name="sbrUid" javadoc="Member's Subscriber CK(SBSB_CK from Facets)" type="String" />
			<param name="eligibilityEffDt" javadoc="Member's Eligibility Effective Date" type="Date" />
			<param name="eligibilityTermDt" javadoc="Member's Eligibility Termination Date" type="Date" />
		</read>
		
		<dto name="MemberClaimHoldInfo" javadoc="Member ClaimHold Info">
	    	<field name="sbsbId" type="String" javadoc="Member's subscriber ID" column="SBSB_ID"/>
			<field name="memeCK" type="String" javadoc="Member Contrived Key" column="MEME_CK" />
			<field name="effDate" type="Date"	javadoc="Effective Date" column="MECH_EFF_DT" />
			<field name="termDate" type="Date" javadoc="Termination Date" column="MECH_TERM_DT" />
			<field name="reasonCode" type="String" javadoc="Reason code" column="CLST_MCTR_REAS" />
			<field name="eligEffDate" type="Date" javadoc="Eligibility begin Date." column="MEPE_EFF_DT" />
			<field name="eligTermDate" type="Date" javadoc="Eligibility end date." column="MEPE_TERM_DT" />
			<field name="eligInd" type="String" javadoc="Eligibility Ind" column="MEPE_ELIG_IND" />
		</dto>
		
		<read name="getMemberClaimHoldDetailsBySbruid" javadoc="Get Member Claim Hold Info by sbruid" dto="MemberClaimHoldInfo"
				cardinality="many">
			<sql>
					SELECT S.SBSB_ID, MH.MEME_CK, MH.MECH_EFF_DT, MH.MECH_TERM_DT, MH.CLST_MCTR_REAS, 
						MEPE.MEPE_EFF_DT, MEPE.MEPE_TERM_DT, MEPE.MEPE_ELIG_IND
					FROM CMC_MECH_CLM_HOLD MH
					JOIN CMC_MEME_MEMBER M ON MH.MEME_CK = M.MEME_CK
					JOIN CMC_SBSB_SUBSC S ON S.sbsb_ck = M.sbsb_ck
					JOIN CMC_MEPE_PRCS_ELIG MEPE ON M.MEME_CK = MEPE.MEME_CK 
					WHERE S.SBSB_CK = ?  
						AND MH.CLST_MCTR_REAS = 'RETR' 
						AND MEPE.MEPE_ELIG_IND = 'Y' 
						AND MH.MECH_TERM_DT BETWEEN ? AND ? 
						order by MH.MECH_TERM_DT desc
			</sql>
			<param name="sbruid" type="String" javadoc="Member's SBSB_CK">
				<param-number value="1" />
			</param>
			<param name="effDate" javadoc="Member's Elig Eff Date" type="Date">
				<param-number value="2" />
			</param>
			<param name="termDate" javadoc="Member's Elig Term Date" type="Date">
				<param-number value="3" />
			</param>
	    </read>
	    
	    <dto name="ClassPlanPrefix" javadoc="A DTO containing prefix field from class plan table">
			<field name="prefix" javadoc="Prefix " type="String" column="CSPI_ITS_PREFIX" />
		</dto>
	    
	    <read name="getPrefixByClassPlan"
			javadoc="gets the prefix from the given class, plan, grgrCk, cspdCat and with respective elig dates"
			dto="ClassPlanPrefix">
			<sql>
				select CSPI_ITS_PREFIX from CMC_CSPI_CS_PLAN 
				where ? &gt;= CSPI_EFF_DT and  ? &lt;= CSPI_TERM_DT and GRGR_CK = ? and CSCS_ID = ? and CSPD_CAT = ? and CSPI_ID = ?
				order by CSPI_TERM_DT desc
			</sql>
			<param name="eligTermDt" javadoc="Eligibility Effective Date" type="Date">
				<param-number value="1" />
			</param>
			<param name="eligEffDt" javadoc="Eligibility Termination Date" type="Date">
				<param-number value="2" />
			</param>
			<param name="groupCk" javadoc="GRGR_CK" type="String">
				<param-number value="3" />
			</param>
			<param name="classId" javadoc="CSCS_ID" type="String">
				<param-number value="4" />
			</param>
			<param name="cspdCat" javadoc="CSPD_CAT" type="String">
				<param-number value="5" />
			</param>
			<param name="planId" javadoc="CSPI_ID" type="String">
				<param-number value="6" />
			</param>
		</read>
		
		<dto name="MarketBrand" javadoc="Member Market Brand">
			<field name="brandCode" type="String" javadoc="Market brand code" 	column="BRAND_CD" />
			<field name="brandDesc" type="String" javadoc="Brand Description" 	column="BRAND_DESC" />
			<field name="gcppPattern" type="String" javadoc="gcpp regex pattern" column="GCPP_PATTERN" />
			<field name="effDate" type="Date" javadoc="eff Date" column="MARKET_EFF_DT" />
		</dto>
		 
		<read name="getMemberMarketBrand" javadoc="Get member medicaid brand by plan"
			dto="MarketBrand" cardinality="many">
			<sql>SELECT BRAND_CD,BRAND_DESC,GCPP_PATTERN,MARKET_EFF_DT FROM AGP.MEM_MARKET_BRAND where regexp_like (?, gcpp_pattern) and sysdate between MARKET_EFF_DT and MARKET_TERM_DT and MARKET_BRAND_IND = 'Y'
			</sql>
		
			<param name="GCPProduct" type="String" javadoc="a concatenation of group, class, plan and product" />
		</read>
		
		<read name="getMemberPrinttBrand" javadoc="Get member print brand by plan" 	dto="MarketBrand" cardinality="many">
			<sql>
				SELECT BRAND_CD,BRAND_DESC,GCPP_PATTERN,MARKET_EFF_DT 
				FROM AGP.MEM_MARKET_BRAND where regexp_like (?, gcpp_pattern) and sysdate between MARKET_EFF_DT and MARKET_TERM_DT and PRINT_BRAND_IND = 'Y'
			</sql>
		
			<param name="GCPProduct" type="String" javadoc="a concatenation of group, class, plan and product" />
		</read>
		
		<dto name="PBPDetails" javadoc="The dto containing medicare details">
			<field name="memeCk" javadoc="Member's Contrived Key" type="int" column="MEME_CK" />
			<field name="event" javadoc="Member's Event" type="String" column="MEMD_EVENT_CD" />
			<field name="hcfaEffDT" javadoc="HCFA effective Date" type="Date" column="MEMD_HCFA_EFF_DT" />
			<field name="hcfaTermDT" javadoc="HCFA termination Date" type="Date" column="MEMD_HCFA_TERM_DT" />
			<field name="pbpId" javadoc="PBP Id" type="String" column="MEMD_MCTR_PBP" />
		</dto>
		
		<read name="getPBPIdBySbrUidAndEligibility" javadoc="get PBP ID from medicare details table with sbsb_ck and eligibility dates"
			dto="PBPDetails" cardinality="one">
			<sql>
				select distinct memd.MEME_CK ,
				memd.MEMD_EVENT_CD , 
				memd.MEMD_HCFA_EFF_DT, 
				memd.MEMD_HCFA_TERM_DT,
				memd.MEMD_MCTR_PBP
				from CMC_MEMD_MECR_DETL memd 
				join cmc_meme_member meme on meme.meme_ck = memd.meme_ck
				where memd.MEMD_EVENT_CD = 'PBP' and meme.sbsb_ck = ? 
        		and memd.MEMD_HCFA_TERM_DT &gt; ?  and memd.MEMD_HCFA_EFF_DT &lt; ?
				order by MEMD_HCFA_EFF_DT DESC
			</sql>
			<param name="sbsbCk" javadoc="Subscriber's contrived Key" type="String" />
			<param name="eligEffDt" javadoc="Eligibility Effective Date" type="Date" />
			<param name="eligTermDt" javadoc="Eligibility Termination Date" type="Date" />
		</read>
		
		<dto name="BillingComponent" javadoc="Member Billing component ID in Facets">
			<field name="billingComponentId" type="String" column="PDBL_ID" javadoc="Product Billing Component ID." />
			<field name="billingComponentDesc" type="String" column="PDBL_DESC" javadoc="Product Billing Component description." />

		</dto>

		<read name="getBillingComponentID" javadoc="Get Member Billing Component ID "  dto="BillingComponent" cardinality="many">
			<sql>
			select distinct PDBL.PDBL_ID, pdesc.PDBL_DESC
			from CMC_PDBC_PROD_COMP pdbc
			JOIN CMC_PDBL_PROD_BILL PDBL ON pdbc.pdbc_pfx =  pdbl.pdbc_pfx
			left join AGP.PROD_PDBL_DESC pdesc on PDBL.PDBL_ID = pdesc.PDBL_ID
			where pdbc.pdbc_type = 'PDBL'
			and pdbc.pdpd_id = ?
		</sql>
			<param name="pdpdId" type="String" javadoc="Members product Id" />

		</read>
		
		<dto name="BillingGroup" javadoc="Member Billing Group ID in Facets">
			<field name="federalContractId" type="String" column="BGBG_ID" 	javadoc="Member Billing Group ID." />
			<field name="hcfaEffDT" javadoc="HCFA effective Date" type="Date" column="MEMD_HCFA_EFF_DT" />
			<field name="hcfaTermDT" javadoc="HCFA termination Date" type="Date" column="MEMD_HCFA_TERM_DT" />
		</dto>
		
		<read name="getCMSContractIdBySbrUidAndEligibilityDates " javadoc="get CMS contract ID by sbruid and member eligibility period"
			dto="BillingGroup" cardinality="one">
			<sql>
				select distinct bgbg.BGBG_ID,
			                    memd.MEMD_HCFA_EFF_DT,
			                    memd.MEMD_HCFA_TERM_DT
				from CMC_MEMD_MECR_DETL memd 
				LEFT JOIN cmc_bgbg_bil_group bgbg on memd.bgbg_ck = bgbg.bgbg_ck 
				join CMC_MEME_MEMBER m on memd.meme_ck = m.meme_ck 
				where memd.MEMD_EVENT_CD = 'SCCC' and m.sbsb_ck = ?  
        		and MEMD_HCFA_TERM_DT &gt; ?  and MEMD_HCFA_EFF_DT &lt; ?
				order by MEMD_HCFA_EFF_DT DESC
			</sql>
			<param name="sbsbCk" javadoc="Subscribers's contrived Key" 	type="String" />
			<param name="eligEffDt" javadoc="Eligibility Effective Date" type="Date" />
			<param name="eligTermDt" javadoc="Eligibility Termination Date" type="Date" />
		</read>
		
		<dto name="MemberFullAlertText" javadoc="warning  information of a member.">
			<field name="recType" type="String" javadoc="record type" column="wmds_rec_type" />
			<field name="effDate" type="Date" javadoc="Effective Date of the message" column="mewm_eff_dt" />
			<field name="termDate" type="Date" javadoc="Termination Date of the message" column="mewm_term_dt" />
			<field name="seqNo" type="String" javadoc="Message Sequence Number" column="wmds_seq_no" />
			<field name="text1" type="String" javadoc="Alert Message" 	column="wmds_text1" />
			<field name="text2" type="String" javadoc="Alert Message" 	column="wmds_text2" />
		</dto>
		
		<read name="getMemberWarningMsg" javadoc="Get Member Alert Messages"
			dto="MemberFullAlertText" cardinality="many">
			<sql>
					SELECT DISTINCT			
					       WMDS.WMDS_REC_TYPE,			
					       MEWM.MEWM_EFF_DT,			
					       MEWM.MEWM_TERM_DT,			
					       WMDS.WMDS_SEQ_NO,			
					       WMDS.WMDS_TEXT1,			
					       WMDS.WMDS_TEXT2			
					FROM CMC_SBSB_SUBSC SBSB			
					       JOIN CMC_MEME_MEMBER MEME ON SBSB.SBSB_CK = MEME.SBSB_CK			
					       JOIN CMC_MEWM_ME_MSG MEWM ON MEWM.MEME_CK = MEME.MEME_CK			
					       JOIN CMC_WMDS_DESC WMDS ON WMDS.WMDS_SEQ_NO = MEWM.WMDS_SEQ_NO			
					 WHERE WMDS.WMDS_REC_TYPE = 'MEME' 			
					       AND (MEWM.MEWM_TERM_DT BETWEEN ? AND ? 		
					         OR MEWM.MEWM_EFF_DT BETWEEN ? AND ?  			
					         OR ? BETWEEN MEWM.MEWM_EFF_DT AND MEWM.MEWM_TERM_DT 			
					         OR ? BETWEEN MEWM.MEWM_EFF_DT AND MEWM.MEWM_TERM_DT)			
		                         AND SBSB.SBSB_ID = ?
				</sql>
			<param name="subscriberId" type="String" javadoc="The SBSB_ID of the subscriber">
				<param-number value="7" />
			</param>
			<param name="effDate" type="Date"
				javadoc="The term date to check on the eligibility">
				<param-number value="1" />
				<param-number value="3" />
				<param-number value="5" />
			</param>
			<param name="termDate" type="Date"
				javadoc="The term date to check on the provider relationship">
				<param-number value="2" />
				<param-number value="4" />
				<param-number value="6" />
			</param>
		</read>
		
		<dto name="PlanFullAlertText" javadoc="warning  information of a Plan.">
			<field name="recType" type="String" javadoc="record type" column="wmds_rec_type" />
			<field name="effDate" type="Date" javadoc="Effective Date of the message" column="cspi_eff_dt" />
			<field name="termDate" type="Date" javadoc="Termination Date of the message" column="cspi_term_dt" />
			<field name="seqNo" type="String" javadoc="Message Sequence Number" column="wmds_seq_no" />
			<field name="text1" type="String" javadoc="Alert Message" column="wmds_text1" />
			<field name="text2" type="String" javadoc="Alert Message" column="wmds_text2" />
		</dto>
		
		<read name="getPlanWarningMsg" javadoc="Get Member Alert Messages" 	dto="PlanFullAlertText" cardinality="many">
			<sql>
			SELECT DISTINCT 		
			       WMDS.WMDS_REC_TYPE,		
			       CSPI.CSPI_EFF_DT,		
			       CSPI.CSPI_TERM_DT,		
			       WMDS.WMDS_SEQ_NO,		
			       WMDS.WMDS_TEXT1,		
			       WMDS.WMDS_TEXT2      		
			  FROM CMC_CSPI_CS_PLAN CSPI 		
			       JOIN CMC_WMDS_DESC WMDS ON WMDS.WMDS_SEQ_NO = CSPI.WMDS_SEQ_NO		
			 WHERE WMDS.WMDS_REC_TYPE = 'CSPI'		
			       AND CSPI.GRGR_CK = ?          		
			       AND CSPI.CSCS_ID = ?        		
			       AND CSPI.CSPI_ID = ?   		
                   AND CSPI.PDPD_ID = ?
                   AND (CSPI.CSPI_TERM_DT BETWEEN ? AND ?     
				         OR CSPI.CSPI_EFF_DT BETWEEN ? AND ?      
				         OR ? BETWEEN CSPI.CSPI_EFF_DT AND CSPI.CSPI_TERM_DT    
				         OR ?  BETWEEN CSPI.CSPI_EFF_DT AND CSPI.CSPI_TERM_DT)
                              
		</sql>
			<param name="grgrck" type="String" javadoc="The grgrck of the subscriber">
				<param-number value="1" />
			</param>
			<param name="cscsid" type="String" javadoc="cscsid of the Plan">
				<param-number value="2" />
			</param>
			<param name="cspiid" type="String" javadoc="cspiid on the plan">
				<param-number value="3" />
			</param>
			<param name="pdpdid" type="String" javadoc="pdpdid on the plan">
				<param-number value="4" />
			</param>

			<param name="effDate" type="Date"
				javadoc="The term date to check on the eligibility">
				<param-number value="5" />
				<param-number value="7" />
				<param-number value="9" />
			</param>
			<param name="termDate" type="Date"
				javadoc="The term date to check on the provider relationship">
				<param-number value="6" />
				<param-number value="8" />
				<param-number value="10" />
			</param>
		</read>
		
		
		<dto name="TobaccoStatus" javadoc="Tobacco Status">
			<field name="categoryValue" type="String" javadoc="This is the tobacco status." column="CATEGORY_VALUE" />
		</dto>
		<read name="getMemberTobaccoStatus" javadoc="fetch members tobacco Status" 	dto="TobaccoStatus" cardinality="one">
			<sql>
	   SELECT S.CATEGORY_VALUE 
           FROM AGP.ENRL_STATE_REPORTING_CAT S 
           WHERE S.SBSB_CK = ?
             AND S.CATEGORY = 'Tobacco' 
             AND S.CATEGORY_VALUE = ANY ('Y','N','R','U') 
             AND S.CREATED_DT=( 
           SELECT MAX(C.CREATED_DT)  
           FROM AGP.ENRL_STATE_REPORTING_CAT C  
           WHERE C.SBSB_CK = S.SBSB_CK
             AND C.CATEGORY = 'Tobacco' 
             AND C.CATEGORY_VALUE = ANY ('Y','N','R','U') 
              )        
	   		</sql>
			<param name="sbsb_ck" type="String" javadoc="Member's SBSB_CK">
				<param-number value="1" />
			</param>
		</read>
		
		<!-- Prefix -->
		<dto name="BluesPrefix" javadoc="A DTO to hold ID prefix Blues members">
			<field name="prefix" type="String" column="PREFIX" javadoc="for VAMM members this is the prefix for their ID card " />
		</dto>

		<read name="getBluesPrefixes" javadoc="get blues prefix" dto="BluesPrefix" cardinality="many">
			<sql>
			SELECT distinct CSPI_ITS_PREFIX as PREFIX
			FROM CMC_CSPI_CS_PLAN WHERE length(CSPI_ITS_PREFIX)=3			
		   </sql>
		</read>
		
		<dto name="IdAndBluesPrefix" javadoc="A DTO to hold SBSB ID and prefix for Blues members">
			<field name="sbsbId" type="String" column="sbsb_id" javadoc="The subscriber ID of a member" />
			<field name="prefix" type="String" column="CSPI_ITS_PREFIX" javadoc="The Subgroup Type, for VAMM members this is the prefix for their ID card " />
		</dto>

		<read name="getIdAndBluesPrefixBySbsbIdAndDate" javadoc="get sbsb ID and bluse prefix" dto="IdAndBluesPrefix">
			<sql>
				select sbsb.SBSB_ID, cspi.CSPI_ITS_PREFIX
				from cmc_sbsb_subsc sbsb
				JOIN cmc_meme_member meme ON sbsb.sbsb_ck = meme.sbsb_ck
				JOIN cmc_mepe_prcs_elig mepe ON mepe.meme_ck = meme.meme_ck and mepe.MEPE_ELIG_IND='Y' 
				JOIN CMC_CSPI_CS_PLAN cspi on cspi.GRGR_CK = mepe.GRGR_CK and cspi.cscs_ID=mepe.cscs_ID and cspi.cspi_ID=mepe.cspi_ID 
					 and cspi.CSPD_CAT=mepe.CSPD_CAT and length(cspi.CSPI_ITS_PREFIX)=3 and mepe.MEPE_EFF_DT &lt;= cspi.CSPI_TERM_DT and mepe.MEPE_TERM_DT &gt;= cspi.CSPI_EFF_DT
				where sbsb.sbsb_id=? and ? between cspi.CSPI_EFF_DT and cspi.CSPI_TERM_DT			
		    </sql>
			<param name="subscriberID" javadoc="The SBSB_ID of the member"
				type="String" />
			<param name="searchDate" javadoc="The Search Date" type="Date" />
		</read>
		
		<dto name="Sri" javadoc="Member SRI restriction">
			<field name="code" type="String" javadoc="Service Restriction Indicative code"
				column="SRI_CODE" />
		</dto>
		<read name="getSriBySbsbCK" javadoc="Get SRI code by SBSB_CK"
			dto="Sri" cardinality="many">
			<sql> 
	            select SRI_CODE
	            from AGP.SRI 
				where SBSB_CK = ? AND ( term_dt is null OR (eff_dt is null and sysdate &gt; term_dt) OR (sysdate between eff_dt and term_dt)  )
	        </sql>
			<param name="sbsbCK" type="String" javadoc="contrived key" />
		</read>
		
		<dto name="Hippa" javadoc="An Hipaa for a member">
			<field name="amerigroupID" type="String" javadoc="This is the Amerigroup Id." 	column="SBSB_ID" />
			<field name="hipaa" type="String" javadoc="This Y or N value for hipaa" 	column="HIPAA" />
		</dto>

		
		<read name="getHipaa" javadoc="Get hipaa" dto="Hippa">
			<sql> SELECT SBSB.SBSB_ID, (CASE WHEN MAX(PMCC.PMCC_TERM_DTM) >= SYSDATE THEN 'Y' ELSE 'N' END) AS HIPAA
				FROM FHP_PMED_MEMBER_D PMED
				LEFT JOIN FHP_PMCC_COMM_X PMCC ON PMCC.PMED_CKE = PMED.PMED_CKE AND PMCC.PMCC_PZCD_STS = 'ACPT'
				INNER JOIN CMC_SBSB_SUBSC SBSB ON SBSB.SBSB_ID  = SUBSTR(PMED.PMED_ID,9,9)
				WHERE
				    SBSB.SBSB_ID = ?
				GROUP BY
				    SBSB.SBSB_ID</sql>
			<param name="memberId" type="String"
				javadoc="Amerigroup ID of the Facets member." />
		</read>
		<dto name="Eligibility" javadoc="A member eligibility in Facets">
			<field name="groupCk" javadoc="Group CK" type="String"
				   column="GRGR_CK" />
			<field name="sbsbID" type="String"
				   javadoc="This is the subscriber ID" column="SBSB_ID" />
			<field name="sbsbCK" type="String"
				   javadoc="This is the subscriber CK value" column="SBSB_CK" />
			<field name="classID" type="String"
				   javadoc="This is the class." column="CSCS_ID" />
			<field name="planID" type="String" javadoc="This is the plan."
				   column="CSPI_ID" />
			<field name="planDesc" type="String"
				   javadoc="This is description for the plan of benefits."
				   column="PLDS_DESC" />
			<field name="groupID" type="String"
				   javadoc="This is the group." column="GRGR_ID" />
			<field name="subgroupType" type="String"
				   javadoc="This is the subgroup type." column="SGSG_MCTR_TYPE" />
			<field name="subGroupId" type="String"
				   javadoc="This is the subgroup Id." column="SGSG_ID" />
			<field name="medicaidID" type="String"
				   javadoc="This is the government assigned Medicaid Id."
				   column="MEME_MEDCD_NO" />
			<field name="medicareID" type="String"
				   javadoc="This is the government assigned Medicare Id."
				   column="MEME_HICN" />
			<field name="productID" type="String"
				   javadoc="This is the product." column="PDPD_ID" />
			<field name="productName" type="String"
				   javadoc="This is the product name." column="NAME" />
			<field name="productDescription" type="String"
				   javadoc="This is the product description." column="GENERAL_DESC" />
			<field name="productValueCode" type="String"
				   javadoc="This is the product value Code" column="PDDS_MCTR_VAL1" />
			<field name="productValueCodeDesc" type="String"
				   javadoc="This is the product value Code Description"
				   column="MCTR_DESC" />
			<field name="dateEffective" type="Date"
				   javadoc="This is the eligibility begins." column="MEPE_EFF_DT" />
			<field name="dateTermination" type="Date"
				   javadoc="This is the date the eligibility ends."
				   column="MEPE_TERM_DT" />
			<field name="coverageTypeCode" type="String"
				   javadoc="This is the Coverage Type Code." column="CSPD_CAT" />
			<field name="firstName" javadoc="Member's First Name"
				   type="String" column="MEME_FIRST_NAME" />
			<field name="lastName" javadoc="Member's Last Name"
				   type="String" column="MEME_LAST_NAME" />
			<field name="fullLastName" javadoc="Member's Full Last Name"
				   type="String" column="FULL_LAST_NAME" />
			<field name="birthDt" javadoc="Member's Birth Date" type="Date"
				   column="MEME_BIRTH_DT" />
			<field name="lobId" javadoc="Line of Business Id" type="String"
				   column="LOBD_ID" />
			<field name="statusCode" javadoc="Eligibility Status Code"
				   type="String" column="MEPE_ELIG_IND" />
			<field name="groupName" javadoc="Group Name" type="String"
				   column="GRGR_NAME" />
			<field name="subGroupName" javadoc="Sub Group name"
				   type="String" column="SGSG_NAME" />
			<field name="subGroupEffectiveDate"
				   javadoc="Sub Group Effective Date" type="Date"
				   column="SGSG_ORIG_EFF_DT" />
			<field name="subGroupTerminationDate"
				   javadoc="Sub Group Termination Date" type="Date"
				   column="SGSG_TERM_DT" />
			<field name="sourceSystem"
				   javadoc="Source System of the Member" type="String"
				   column="GRGR_MCTR_TYPE" />
			<field name="planEntryDt" javadoc="Plan entry date" type="Date"
				   column="MEPE_PLAN_ENTRY_DT" />
			<field name="eligibilityCreateDtm"
				   javadoc="eligibilityCreateDtm" type="Date" column="MEPE_CREATE_DTM" />

			<field name="memeCk" javadoc="memeCk" type="String"
				   column="MEME_CK" />
			<field name="grpPhNo" javadoc="Group Phone Number"
				   type="String" column="GRGR_PHONE" />
		</dto>

		<read name="getCurrentEligibilityByMedicaidID"
			  javadoc="Get a members current eligibilities using the medicaid id"
			  dto="Eligibility">
			<sql>
				select m.MEME_FIRST_NAME, m.MEME_LAST_NAME, CONCAT(m.MEME_LAST_NAME, m.MEME_TITLE) as FULL_LAST_NAME, m.MEME_BIRTH_DT, pd.LOBD_ID, s.SBSB_ID, s.SBSB_CK, e.MEPE_EFF_DT, e.MEPE_TERM_DT, e.CSCS_ID, e.PDPD_ID, e.CSPI_ID, pland.PLDS_DESC, g.GRGR_ID, sg.SGSG_MCTR_TYPE, m.MEME_MEDCD_NO,m.MEME_HICN, p.NAME, p.GENERAL_DESC, e.CSPD_CAT,
				e.MEPE_ELIG_IND, g.GRGR_NAME, sg.SGSG_NAME, sg.SGSG_ID, sg.SGSG_ORIG_EFF_DT, sg.SGSG_TERM_DT, g.GRGR_MCTR_TYPE , e.GRGR_CK ,pdesc.PDDS_MCTR_VAL1,mctr.mctr_desc,e.MEPE_PLAN_ENTRY_DT,e.MEPE_CREATE_DTM,m.MEME_CK, g.GRGR_PHONE
				from CMC_MEPE_PRCS_ELIG e
				inner join CMC_MEME_MEMBER m on e.MEME_CK = m.MEME_CK and e.MEPE_ELIG_IND = 'Y'
				inner join CMC_SBSB_SUBSC s on m.SBSB_CK = s.SBSB_CK
				left outer join CMC_SGSG_SUB_GROUP sg on e.SGSG_CK = sg.SGSG_CK
				left outer join CMC_GRGR_GROUP g on g.GRGR_CK = sg.GRGR_CK
				left outer join AGP.CCTR_PRODUCT p on e.PDPD_ID = p.PRODUCT_ID and sg.sgsg_mctr_type=p.market_cd
				left outer join CMC_PLDS_PLAN_DESC pland ON e.cspi_id = pland.cspi_id
				LEFT OUTER JOIN FACETS.CMC_PDPD_PRODUCT pd on e.PDPD_ID = pd.PDPD_ID and e.MEPE_EFF_DT between pd.PDPD_EFF_DT and pd.PDPD_TERM_DT
				left outer join CMC_PDDS_PROD_DESC pdesc  on e.pdpd_id = pdesc.pdpd_id
				left outer join  cmc_mctr_cd_trans mctr on mctr.mctr_value = pdesc.PDDS_MCTR_VAL1 and mctr.mctr_entity = 'PDDS' and mctr.MCTR_TYPE = 'VAL'
				where (m.MEME_MEDCD_NO =?) and TRUNC(SYSDATE) between e.MEPE_EFF_DT and e.MEPE_TERM_DT
			</sql>
			<param name="medicaidId" type="String" javadoc="Medicaid ID of the member" />
		</read>
		<read name="getCurrentEligibilityByCurrentMedicareID"
			  javadoc="Get a members current eligibilities using the medicaid id"
			  dto="Eligibility">
			<sql>
				select m.MEME_FIRST_NAME, m.MEME_LAST_NAME, CONCAT(m.MEME_LAST_NAME, m.MEME_TITLE) as FULL_LAST_NAME, m.MEME_BIRTH_DT, pd.LOBD_ID, s.SBSB_ID, s.SBSB_CK, e.MEPE_EFF_DT, e.MEPE_TERM_DT, e.CSCS_ID, e.PDPD_ID, e.CSPI_ID, pland.PLDS_DESC, g.GRGR_ID, sg.SGSG_MCTR_TYPE, m.MEME_MEDCD_NO,m.MEME_HICN, p.NAME, p.GENERAL_DESC, e.CSPD_CAT,
				e.MEPE_ELIG_IND, g.GRGR_NAME, sg.SGSG_NAME, sg.SGSG_ID, sg.SGSG_ORIG_EFF_DT, sg.SGSG_TERM_DT, g.GRGR_MCTR_TYPE , e.GRGR_CK,pdesc.PDDS_MCTR_VAL1,mctr.mctr_desc,e.MEPE_PLAN_ENTRY_DT,e.MEPE_CREATE_DTM,m.MEME_CK, g.GRGR_PHONE
				from CMC_MEPE_PRCS_ELIG e
				inner join CMC_MEME_MEMBER m on e.MEME_CK = m.MEME_CK and e.MEPE_ELIG_IND = 'Y'
				inner join CMC_SBSB_SUBSC s on m.SBSB_CK = s.SBSB_CK
				left outer join CMC_SGSG_SUB_GROUP sg on e.SGSG_CK = sg.SGSG_CK
				left outer join CMC_GRGR_GROUP g on g.GRGR_CK = sg.GRGR_CK
				left outer join AGP.CCTR_PRODUCT p on e.PDPD_ID = p.PRODUCT_ID and sg.sgsg_mctr_type=p.market_cd
				left outer join CMC_PLDS_PLAN_DESC pland ON e.cspi_id = pland.cspi_id
				LEFT OUTER JOIN FACETS.CMC_PDPD_PRODUCT pd on e.PDPD_ID = pd.PDPD_ID and e.MEPE_EFF_DT between pd.PDPD_EFF_DT and pd.PDPD_TERM_DT
				left outer join CMC_PDDS_PROD_DESC pdesc  on e.pdpd_id = pdesc.pdpd_id
				left outer join  cmc_mctr_cd_trans mctr on mctr.mctr_value = pdesc.PDDS_MCTR_VAL1 and mctr.mctr_entity = 'PDDS' and mctr.MCTR_TYPE = 'VAL'
				where (m.MEME_HICN =?) and TRUNC(SYSDATE) between e.MEPE_EFF_DT and e.MEPE_TERM_DT
			</sql>
			<param name="medicareId" type="String" javadoc="Medicaid ID of the member" />
		</read>
		<read name="getCurrentEligibilityByOldMedicareID"
			  javadoc="Get a members current eligibilities using the medicaid id"
			  dto="Eligibility">
			<sql>
				select m.MEME_FIRST_NAME, m.MEME_LAST_NAME, CONCAT(m.MEME_LAST_NAME, m.MEME_TITLE) as FULL_LAST_NAME, m.MEME_BIRTH_DT, pd.LOBD_ID, s.SBSB_ID, s.SBSB_CK, e.MEPE_EFF_DT, e.MEPE_TERM_DT, e.CSCS_ID, e.PDPD_ID, e.CSPI_ID, pland.PLDS_DESC, g.GRGR_ID, sg.SGSG_MCTR_TYPE, m.MEME_MEDCD_NO,m.MEME_HICN, p.NAME, p.GENERAL_DESC, e.CSPD_CAT,
				e.MEPE_ELIG_IND, g.GRGR_NAME, sg.SGSG_NAME, sg.SGSG_ID, sg.SGSG_ORIG_EFF_DT, sg.SGSG_TERM_DT, g.GRGR_MCTR_TYPE , e.GRGR_CK,pdesc.PDDS_MCTR_VAL1,mctr.mctr_desc,e.MEPE_PLAN_ENTRY_DT,e.MEPE_CREATE_DTM,m.MEME_CK, g.GRGR_PHONE
				from CMC_MEPE_PRCS_ELIG e
				inner join CMC_MEME_MEMBER m on e.MEME_CK = m.MEME_CK and e.MEPE_ELIG_IND = 'Y'
				inner join CMC_SBSB_SUBSC s on m.SBSB_CK = s.SBSB_CK
				left join CMC_MECR_NO_XREF x on x.MEME_CK = M.MEME_CK
				left outer join CMC_SGSG_SUB_GROUP sg on e.SGSG_CK = sg.SGSG_CK
				left outer join CMC_GRGR_GROUP g on g.GRGR_CK = sg.GRGR_CK
				left outer join AGP.CCTR_PRODUCT p on e.PDPD_ID = p.PRODUCT_ID and sg.sgsg_mctr_type=p.market_cd
				left outer join CMC_PLDS_PLAN_DESC pland ON e.cspi_id = pland.cspi_id
				LEFT OUTER JOIN FACETS.CMC_PDPD_PRODUCT pd on e.PDPD_ID = pd.PDPD_ID and e.MEPE_EFF_DT between pd.PDPD_EFF_DT and pd.PDPD_TERM_DT
				left outer join CMC_PDDS_PROD_DESC pdesc  on e.pdpd_id = pdesc.pdpd_id
				left outer join  cmc_mctr_cd_trans mctr on mctr.mctr_value = pdesc.PDDS_MCTR_VAL1 and mctr.mctr_entity = 'PDDS' and mctr.MCTR_TYPE = 'VAL'
				where (x.MECR_NO_ORIG = ?) and TRUNC(SYSDATE) between e.MEPE_EFF_DT and e.MEPE_TERM_DT
			</sql>
			<param name="medicareId" type="String" javadoc="Medicaid ID of the member" />
		</read>
		<read name="getCurrentEligibilityWithNoEligibilityCheckByMedicaidID"
			  javadoc="Get a members current eligibilities using the medicaid id"
			  dto="Eligibility">
			<sql>
				select m.MEME_FIRST_NAME, m.MEME_LAST_NAME, CONCAT(m.MEME_LAST_NAME, m.MEME_TITLE) as FULL_LAST_NAME, m.MEME_BIRTH_DT, pd.LOBD_ID, s.SBSB_ID, s.SBSB_CK, e.MEPE_EFF_DT, e.MEPE_TERM_DT, e.CSCS_ID, e.PDPD_ID, e.CSPI_ID, pland.PLDS_DESC, g.GRGR_ID, sg.SGSG_MCTR_TYPE, m.MEME_MEDCD_NO,m.MEME_HICN, p.NAME, p.GENERAL_DESC, e.CSPD_CAT,
				e.MEPE_ELIG_IND, g.GRGR_NAME, sg.SGSG_NAME, sg.SGSG_ID, sg.SGSG_ORIG_EFF_DT, sg.SGSG_TERM_DT, g.GRGR_MCTR_TYPE , e.GRGR_CK,pdesc.PDDS_MCTR_VAL1,mctr.mctr_desc,e.MEPE_PLAN_ENTRY_DT,e.MEPE_CREATE_DTM,m.MEME_CK, g.GRGR_PHONE
				from CMC_MEPE_PRCS_ELIG e
				inner join CMC_MEME_MEMBER m on e.MEME_CK = m.MEME_CK
				inner join CMC_SBSB_SUBSC s on m.SBSB_CK = s.SBSB_CK
				left outer join CMC_SGSG_SUB_GROUP sg on e.SGSG_CK = sg.SGSG_CK
				left outer join CMC_GRGR_GROUP g on g.GRGR_CK = sg.GRGR_CK
				left outer join AGP.CCTR_PRODUCT p on e.PDPD_ID = p.PRODUCT_ID and sg.sgsg_mctr_type=p.market_cd
				left outer join CMC_PLDS_PLAN_DESC pland ON e.cspi_id = pland.cspi_id
				LEFT OUTER JOIN FACETS.CMC_PDPD_PRODUCT pd on e.PDPD_ID = pd.PDPD_ID and e.MEPE_EFF_DT between pd.PDPD_EFF_DT and pd.PDPD_TERM_DT
				left outer join CMC_PDDS_PROD_DESC pdesc  on e.pdpd_id = pdesc.pdpd_id
				left outer join  cmc_mctr_cd_trans mctr on mctr.mctr_value = pdesc.PDDS_MCTR_VAL1 and mctr.mctr_entity = 'PDDS' and mctr.MCTR_TYPE = 'VAL'
				where (m.MEME_MEDCD_NO =?) and TRUNC(SYSDATE) between e.MEPE_EFF_DT and e.MEPE_TERM_DT
			</sql>
			<param name="medicaidId" type="String" javadoc="Medicaid ID of the member" />
		</read>
		<read name="getCurrentEligibilityWithNoEligibilityCheckByCurrentMedicareID"
			  javadoc="Get a members current eligibilities using the medicare id"
			  dto="Eligibility">
			<sql>
				select m.MEME_FIRST_NAME, m.MEME_LAST_NAME, CONCAT(m.MEME_LAST_NAME, m.MEME_TITLE) as FULL_LAST_NAME, m.MEME_BIRTH_DT, pd.LOBD_ID, s.SBSB_ID, s.SBSB_CK, e.MEPE_EFF_DT, e.MEPE_TERM_DT, e.CSCS_ID, e.PDPD_ID, e.CSPI_ID, pland.PLDS_DESC, g.GRGR_ID, sg.SGSG_MCTR_TYPE, m.MEME_MEDCD_NO,m.MEME_HICN, p.NAME, p.GENERAL_DESC, e.CSPD_CAT,
				e.MEPE_ELIG_IND, g.GRGR_NAME, sg.SGSG_NAME, sg.SGSG_ID, sg.SGSG_ORIG_EFF_DT, sg.SGSG_TERM_DT, g.GRGR_MCTR_TYPE , e.GRGR_CK,pdesc.PDDS_MCTR_VAL1,mctr.mctr_desc,e.MEPE_PLAN_ENTRY_DT,e.MEPE_CREATE_DTM,m.MEME_CK, g.GRGR_PHONE
				from CMC_MEPE_PRCS_ELIG e
				inner join CMC_MEME_MEMBER m on e.MEME_CK = m.MEME_CK
				inner join CMC_SBSB_SUBSC s on m.SBSB_CK = s.SBSB_CK
				left outer join CMC_SGSG_SUB_GROUP sg on e.SGSG_CK = sg.SGSG_CK
				left outer join CMC_GRGR_GROUP g on g.GRGR_CK = sg.GRGR_CK
				left outer join AGP.CCTR_PRODUCT p on e.PDPD_ID = p.PRODUCT_ID and sg.sgsg_mctr_type=p.market_cd
				left outer join CMC_PLDS_PLAN_DESC pland ON e.cspi_id = pland.cspi_id
				LEFT OUTER JOIN FACETS.CMC_PDPD_PRODUCT pd on e.PDPD_ID = pd.PDPD_ID and e.MEPE_EFF_DT between pd.PDPD_EFF_DT and pd.PDPD_TERM_DT
				left outer join CMC_PDDS_PROD_DESC pdesc  on e.pdpd_id = pdesc.pdpd_id
				left outer join  cmc_mctr_cd_trans mctr on mctr.mctr_value = pdesc.PDDS_MCTR_VAL1 and mctr.mctr_entity = 'PDDS' and mctr.MCTR_TYPE = 'VAL'
				where (m.MEME_HICN =?) and TRUNC(SYSDATE) between e.MEPE_EFF_DT and e.MEPE_TERM_DT
			</sql>
			<param name="medicaidId" type="String" javadoc="Medicaid ID of the member" />
		</read>
		<read name="getCurrentEligibilityWithNoEligibilityCheckByOldMedicareID"
			  javadoc="Get a members current eligibilities using the medicaid id"
			  dto="Eligibility">
			<sql>
				select m.MEME_FIRST_NAME, m.MEME_LAST_NAME, CONCAT(m.MEME_LAST_NAME, m.MEME_TITLE) as FULL_LAST_NAME, m.MEME_BIRTH_DT, pd.LOBD_ID, s.SBSB_ID, s.SBSB_CK, e.MEPE_EFF_DT, e.MEPE_TERM_DT, e.CSCS_ID, e.PDPD_ID, e.CSPI_ID, pland.PLDS_DESC, g.GRGR_ID, sg.SGSG_MCTR_TYPE, m.MEME_MEDCD_NO,m.MEME_HICN, p.NAME, p.GENERAL_DESC, e.CSPD_CAT,
				e.MEPE_ELIG_IND, g.GRGR_NAME, sg.SGSG_NAME, sg.SGSG_ID, sg.SGSG_ORIG_EFF_DT, sg.SGSG_TERM_DT, g.GRGR_MCTR_TYPE , e.GRGR_CK,pdesc.PDDS_MCTR_VAL1,mctr.mctr_desc,e.MEPE_PLAN_ENTRY_DT,e.MEPE_CREATE_DTM,m.MEME_CK, g.GRGR_PHONE
				from CMC_MEPE_PRCS_ELIG e
				inner join CMC_MEME_MEMBER m on e.MEME_CK = m.MEME_CK
				inner join CMC_SBSB_SUBSC s on m.SBSB_CK = s.SBSB_CK
				left join CMC_MECR_NO_XREF x on x.MEME_CK = M.MEME_CK
				left outer join CMC_SGSG_SUB_GROUP sg on e.SGSG_CK = sg.SGSG_CK
				left outer join CMC_GRGR_GROUP g on g.GRGR_CK = sg.GRGR_CK
				left outer join AGP.CCTR_PRODUCT p on e.PDPD_ID = p.PRODUCT_ID and sg.sgsg_mctr_type=p.market_cd
				left outer join CMC_PLDS_PLAN_DESC pland ON e.cspi_id = pland.cspi_id
				LEFT OUTER JOIN FACETS.CMC_PDPD_PRODUCT pd on e.PDPD_ID = pd.PDPD_ID and e.MEPE_EFF_DT between pd.PDPD_EFF_DT and pd.PDPD_TERM_DT
				left outer join CMC_PDDS_PROD_DESC pdesc  on e.pdpd_id = pdesc.pdpd_id
				left outer join  cmc_mctr_cd_trans mctr on mctr.mctr_value = pdesc.PDDS_MCTR_VAL1 and mctr.mctr_entity = 'PDDS' and mctr.MCTR_TYPE = 'VAL'
				where (x.MECR_NO_ORIG =?) and TRUNC(SYSDATE) between e.MEPE_EFF_DT and e.MEPE_TERM_DT
			</sql>
			<param name="medicareId" type="String" javadoc="Medicaid ID of the member" />
		</read>
		<read name="getCurrentEligibilityByAmerigroupID"
			  javadoc="Get a members current eligibility using the amerigroup id"
			  dto="Eligibility">
			<sql> select m.MEME_FIRST_NAME, m.MEME_LAST_NAME,
				CONCAT(m.MEME_LAST_NAME, m.MEME_TITLE) as FULL_LAST_NAME,
				m.MEME_BIRTH_DT, pd.LOBD_ID, s.SBSB_ID, s.SBSB_CK, e.MEPE_EFF_DT,
				e.MEPE_TERM_DT, e.CSCS_ID, e.PDPD_ID, e.CSPI_ID, pland.PLDS_DESC,
				g.GRGR_ID, sg.SGSG_MCTR_TYPE, m.MEME_MEDCD_NO,m.MEME_HICN, p.NAME,
				p.GENERAL_DESC, e.CSPD_CAT, e.MEPE_ELIG_IND, g.GRGR_NAME,
				sg.SGSG_NAME, sg.SGSG_ID, sg.SGSG_ORIG_EFF_DT,
				sg.SGSG_TERM_DT,g.GRGR_MCTR_TYPE, e.GRGR_CK,pdesc.PDDS_MCTR_VAL1,
				mctr.mctr_desc, e.MEPE_PLAN_ENTRY_DT,e.MEPE_CREATE_DTM,m.MEME_CK,
				g.GRGR_PHONE from CMC_MEPE_PRCS_ELIG e inner join CMC_MEME_MEMBER m
				on e.MEME_CK = m.MEME_CK and e.MEPE_ELIG_IND = 'Y' inner join
				CMC_SBSB_SUBSC s on m.SBSB_CK = s.SBSB_CK left outer join
				CMC_SGSG_SUB_GROUP sg on e.SGSG_CK = sg.SGSG_CK left outer join
				CMC_GRGR_GROUP g on g.GRGR_CK = sg.GRGR_CK left outer join
				AGP.CCTR_PRODUCT p on e.PDPD_ID = p.PRODUCT_ID and
				sg.sgsg_mctr_type=p.market_cd left outer join CMC_PLDS_PLAN_DESC
				pland ON e.cspi_id = pland.cspi_id LEFT OUTER JOIN
				FACETS.CMC_PDPD_PRODUCT pd on e.PDPD_ID = pd.PDPD_ID and
				e.MEPE_EFF_DT between pd.PDPD_EFF_DT and pd.PDPD_TERM_DT left outer
				join CMC_PDDS_PROD_DESC pdesc on e.pdpd_id = pdesc.pdpd_id left
				outer join cmc_mctr_cd_trans mctr on mctr.mctr_value =
				pdesc.PDDS_MCTR_VAL1 and mctr.mctr_entity = 'PDDS' and
				mctr.MCTR_TYPE = 'VAL' where (s.SBSB_ID =?) and TRUNC(SYSDATE)
				between e.MEPE_EFF_DT and e.MEPE_TERM_DT
			</sql>
			<param name="amerigroupID" type="String"
				   javadoc="Amerigroup ID of the member" />
		</read>
		<read
				name="getCurrentEligibilityWithNoEligibilityCheckByAmerigroupID"
				javadoc="Get a members current eligibility using the amerigroup id"
				dto="Eligibility">
			<sql> select m.MEME_FIRST_NAME,
				m.MEME_LAST_NAME,CONCAT(m.MEME_LAST_NAME, m.MEME_TITLE) as
				FULL_LAST_NAME, m.MEME_BIRTH_DT, pd.LOBD_ID, s.SBSB_ID, s.SBSB_CK,
				e.MEPE_EFF_DT, e.MEPE_TERM_DT, e.CSCS_ID, e.PDPD_ID, e.CSPI_ID,
				pland.PLDS_DESC, g.GRGR_ID, sg.SGSG_MCTR_TYPE,
				m.MEME_MEDCD_NO,m.MEME_HICN, p.NAME, p.GENERAL_DESC, e.CSPD_CAT,
				e.MEPE_ELIG_IND, g.GRGR_NAME, sg.SGSG_NAME, sg.SGSG_ID,
				sg.SGSG_ORIG_EFF_DT, sg.SGSG_TERM_DT,g.GRGR_MCTR_TYPE,
				e.GRGR_CK,pdesc.PDDS_MCTR_VAL1,
				mctr.mctr_desc,e.MEPE_PLAN_ENTRY_DT,e.MEPE_CREATE_DTM,m.MEME_CK,
				g.GRGR_PHONE from CMC_MEPE_PRCS_ELIG e inner join CMC_MEME_MEMBER m
				on e.MEME_CK = m.MEME_CK inner join CMC_SBSB_SUBSC s on m.SBSB_CK =
				s.SBSB_CK left outer join CMC_SGSG_SUB_GROUP sg on e.SGSG_CK =
				sg.SGSG_CK left outer join CMC_GRGR_GROUP g on g.GRGR_CK =
				sg.GRGR_CK left outer join AGP.CCTR_PRODUCT p on e.PDPD_ID =
				p.PRODUCT_ID and sg.sgsg_mctr_type=p.market_cd left outer join
				CMC_PLDS_PLAN_DESC pland ON e.cspi_id = pland.cspi_id LEFT OUTER
				JOIN FACETS.CMC_PDPD_PRODUCT pd on e.PDPD_ID = pd.PDPD_ID and
				e.MEPE_EFF_DT between pd.PDPD_EFF_DT and pd.PDPD_TERM_DT left outer
				join CMC_PDDS_PROD_DESC pdesc on e.pdpd_id = pdesc.pdpd_id left
				outer join cmc_mctr_cd_trans mctr on mctr.mctr_value =
				pdesc.PDDS_MCTR_VAL1 and mctr.mctr_entity = 'PDDS' and
				mctr.MCTR_TYPE = 'VAL' where (s.SBSB_ID =?) and TRUNC(SYSDATE)
				between e.MEPE_EFF_DT and e.MEPE_TERM_DT </sql>
			<param name="amerigroupID" type="String"
				   javadoc="Amerigroup ID of the member" />
		</read>
	  </dao>

</dao-list>