<dao-list xmlns:xsi="http://www.w3.org/2001/XMLSchema-instance"
	xsi:noNamespaceSchemaLocation="../daoCodegenInput/daoTemplates/DAODefinitions.xsd">

	<dao name="MemberPortal" sourceProperty="Web"
		base-package="com.amerigroup.member.portal" javadoc="A Data Access Object for Users in the Member Portal (old database in AGPCOM).">
		
		
		 <!-- For group Brand configuration -->
        <dto name="GroupBrandConfig" javadoc="Group Brand configuration">
            <field name="id" type="int" javadoc="id" column="id"/>
            <field name="groupCK" type="int" javadoc="Group CK" column="GRGR_CK"/>
            <field name="groupID" type="String" javadoc="Group ID" column="GRGR_ID"/>
            <field name="groupName" type="String" javadoc="Group Name" column="GRGR_NAME"/>
            <field name="brand" type="String" javadoc="branding" column="Brand"/>
            <field name="effectiveRestrictionDate" type="Date" javadoc="The effective date for this restriction" column="EffectiveDate"/>
            <field name="terminationRestrictionDate" type="Date" javadoc="The termination date for this restriction" column="TerminationDate"/>
        </dto>
		
		<read name="getBrand" cardinality="many" javadoc="Get group brand configurations" dto="GroupBrandConfig">
			<sql> 
				select id, GRGR_CK, GRGR_ID, GRGR_NAME, Brand, EffectiveDate, TerminationDate 
                  from [dbo].[GRGR_Brand_Mapping] gr (nolock)                  
                  WHERE gr.GRGR_ID=?  AND getDate() BETWEEN gr.EffectiveDate AND  gr.TerminationDate
			</sql>
			<param name="groupID" type="String"    javadoc="which is the id of a group"  />
		</read> 
		

	 
	  </dao>

</dao-list>