<dao-list xmlns:xsi="http://www.w3.org/2001/XMLSchema-instance"
	xsi:noNamespaceSchemaLocation="../daoCodegenInput/daoTemplates/DAODefinitions.xsd">

	<dao name="PreCert" sourceProperty="WebAuth"
		base-package="com.amerigroup.auth" javadoc="A DAO for Pre certification">
		
		
		<dto name="VendorInfo" javadoc="Vendor Details">
			<field name="groupID" column="grgr_id" type="String" javadoc="Group ID" />
			<field name="vendorCode" column="vendor_code" type="String" javadoc="vendor code" />
			<field name="codeLink" column="code_link" type="String" javadoc="code_link" />
			<field name="effdate" column="eff_date" type="String" javadoc="eff_date" />
			<field name="termDate" column="term_date" type="String" javadoc="term_date" />
		</dto>				

		<read name="getVendorDetailsBetweenDates" dto="VendorInfo" cardinality="many" javadoc="Get Vendor Details by given Group Class Plan"> 
			<sql>
				SELECT distinct grgr_id, vendor_code, code_link, eff_date, term_date 
				FROM [WEBAUTH].[dbo].[VendorDelegateGroupPlan] (nolock)
				WHERE grgr_id = ? and cscs_id = ? and cspi_id = ?
					and ? &lt;= term_date and ? >= eff_date
			</sql>
			<param name="grgrId" javadoc="Group ID" type="String" />
			<param name="classId" javadoc="Class ID" type="String" />
			<param name="planId" javadoc="Plan ID" type="String" />
			<param name="startDt" javadoc="start date" type="Date" />
			<param name="endDt" javadoc="search end date" type="Date" />
		</read>
		

	 
	  </dao>

</dao-list>